timestamp,location,price,FirstName,LastName,loyaltynum
1/6/2014,Brew've Been Served,4.17,Cornelia,Lais,L2247
1/6/2014,Brew've Been Served,9.6,Mat,Bramar,L9406
1/6/2014,Hallowed Grounds,16.53,Emile,Arpa,L8328
1/6/2014,Coffee Shack,11.51,Varro,Awelon,L6417
1/6/2014,Hallowed Grounds,12.93,Rachel,Pantanal,L1107
1/6/2014,Brew've Been Served,4.27,Ruscella,Mies Haber,L4034
1/6/2014,Brew've Been Served,11.2,Linda,Lagos,L6110
1/6/2014,Brew've Been Served,15.39,Dante,Coginian,L2343
1/6/2014,Abila Zacharo,26.93,Carla,Forluniau,L9018
1/6/2014,Hippokampos,34.03,Anda,Ribera,L6267
1/6/2014,Kalami Kafenion,8.64,Ruscella,Mies Haber,L4034
1/6/2014,Katerinas Caf,33.54,Linda,Lagos,L6110
1/6/2014,Hippokampos,36.54,Rachel,Pantanal,L1107
1/6/2014,Ouzeri Elian,20.74,Cornelia,Lais,L2247
1/6/2014,Kalami Kafenion,13.08,Varro,Awelon,L6417
1/6/2014,Hippokampos,38.25,Dante,Coginian,L2343
1/6/2014,Hippokampos,30.88,Mat,Bramar,L9406
1/6/2014,Kalami Kafenion,27.4,Emile,Arpa,L8328
1/6/2014,Katerinas Caf,38.65,Linda,Lagos,L6110
1/6/2014,Katerinas Caf,26.46,Emile,Arpa,L8328
1/6/2014,Frydos Autosupply n' More,80.85,Dante,Coginian,L2343
1/6/2014,Frydos Autosupply n' More,175.87,Cornelia,Lais,L2247
1/6/2014,Katerinas Caf,28,Anda,Ribera,L6267
1/6/2014,Hippokampos,24.41,Varro,Awelon,L6417
1/6/2014,Frydos Autosupply n' More,89.3,Ruscella,Mies Haber,L4034
1/6/2014,Katerinas Caf,26.51,Mat,Bramar,L9406
1/7/2014,Brew've Been Served,12.74,Cornelia,Lais,L2247
1/7/2014,Hallowed Grounds,8.91,Emile,Arpa,L8328
1/7/2014,Coffee Shack,16.63,Varro,Awelon,L6417
1/7/2014,Brew've Been Served,4.39,Ruscella,Mies Haber,L4034
1/7/2014,Brew've Been Served,11.91,Mat,Bramar,L9406
1/7/2014,Hallowed Grounds,8.42,Rachel,Pantanal,L1107
1/7/2014,Coffee Cameleon,12.44,Carla,Forluniau,L9018
1/7/2014,Brew've Been Served,17.4,Dante,Coginian,L2343
1/7/2014,Hallowed Grounds,10.33,Anda,Ribera,L6267
1/7/2014,Brew've Been Served,15.66,Linda,Lagos,L6110
1/7/2014,Kalami Kafenion,11.64,Ruscella,Mies Haber,L4034
1/7/2014,Ouzeri Elian,28.37,Mat,Bramar,L9406
1/7/2014,Ouzeri Elian,17.71,Cornelia,Lais,L2247
1/7/2014,Abila Zacharo,32.4,Carla,Forluniau,L9018
1/7/2014,Gelatogalore,36.5,Rachel,Pantanal,L1107
1/7/2014,Ouzeri Elian,21.85,Linda,Lagos,L6110
1/7/2014,Katerinas Caf,37.44,Dante,Coginian,L2343
1/7/2014,Gelatogalore,15.4,Anda,Ribera,L6267
1/7/2014,Hippokampos,37.57,Emile,Arpa,L8328
1/7/2014,Albert's Fine Clothing,78.91,Varro,Awelon,L6417
1/7/2014,Katerinas Caf,31.6,Linda,Lagos,L6110
1/7/2014,Katerinas Caf,25.02,Dante,Coginian,L2343
1/7/2014,Guy's Gyros,23.12,Cornelia,Lais,L2247
1/7/2014,Katerinas Caf,25.54,Anda,Ribera,L6267
1/7/2014,Ouzeri Elian,20.53,Rachel,Pantanal,L1107
1/8/2014,Hallowed Grounds,5.85,Emile,Arpa,L8328
1/8/2014,Brew've Been Served,3.09,Mat,Bramar,L9406
1/8/2014,Hallowed Grounds,3.9,Rachel,Pantanal,L1107
1/8/2014,Coffee Shack,13.13,Varro,Awelon,L6417
1/8/2014,Brew've Been Served,14.88,Cornelia,Lais,L2247
1/8/2014,Brew've Been Served,8.4,Ruscella,Mies Haber,L4034
1/8/2014,Brew've Been Served,3.92,Dante,Coginian,L2343
1/8/2014,Hallowed Grounds,11.63,Anda,Ribera,L6267
1/8/2014,Brew've Been Served,11.48,Linda,Lagos,L6110
1/8/2014,Coffee Cameleon,16.17,Carla,Forluniau,L9018
1/8/2014,Abila Zacharo,22.13,Ruscella,Mies Haber,L4034
1/8/2014,Gelatogalore,32.79,Linda,Lagos,L6110
1/8/2014,Kalami Kafenion,18.18,Anda,Ribera,L6267
1/8/2014,Kalami Kafenion,22.49,Dante,Coginian,L2343
1/8/2014,Ouzeri Elian,24.92,Cornelia,Lais,L2247
1/8/2014,Abila Zacharo,28.25,Rachel,Pantanal,L1107
1/8/2014,Gelatogalore,22.27,Carla,Forluniau,L9018
1/8/2014,Kalami Kafenion,34.98,Varro,Awelon,L6417
1/8/2014,Gelatogalore,39.94,Mat,Bramar,L9406
1/8/2014,Kalami Kafenion,31.43,Emile,Arpa,L8328
1/8/2014,Katerinas Caf,34.25,Ruscella,Mies Haber,L4034
1/8/2014,Katerinas Caf,13.83,Linda,Lagos,L6110
1/8/2014,Frydos Autosupply n' More,214.07,Carla,Forluniau,L9018
1/8/2014,Frydos Autosupply n' More,268.89,Anda,Ribera,L6267
1/8/2014,Hippokampos,16.75,Varro,Awelon,L6417
1/8/2014,Katerinas Caf,16.93,Dante,Coginian,L2343
1/9/2014,Hallowed Grounds,15.24,Emile,Arpa,L8328
1/9/2014,Coffee Shack,5.01,Varro,Awelon,L6417
1/9/2014,Brew've Been Served,18.25,Dante,Coginian,L2343
1/9/2014,Hallowed Grounds,16.72,Anda,Ribera,L6267
1/9/2014,Coffee Cameleon,4.88,Carla,Forluniau,L9018
1/9/2014,Hallowed Grounds,15.33,Rachel,Pantanal,L1107
1/9/2014,Gelatogalore,19.2,Ruscella,Mies Haber,L4034
1/9/2014,Hippokampos,27.47,Carla,Forluniau,L9018
1/9/2014,Gelatogalore,23.23,Linda,Lagos,L6110
1/9/2014,Hippokampos,19.22,Cornelia,Lais,L2247
1/9/2014,Gelatogalore,24.68,Rachel,Pantanal,L1107
1/9/2014,Kalami Kafenion,19.84,Mat,Bramar,L9406
1/9/2014,Kalami Kafenion,10.94,Emile,Arpa,L8328
1/9/2014,Kalami Kafenion,35.99,Anda,Ribera,L6267
1/9/2014,Guy's Gyros,27.69,Dante,Coginian,L2343
1/9/2014,Gelatogalore,36.75,Varro,Awelon,L6417
1/9/2014,Katerinas Caf,35.92,Emile,Arpa,L8328
1/9/2014,Katerinas Caf,26.6,Mat,Bramar,L9406
1/9/2014,Katerinas Caf,30.97,Anda,Ribera,L6267
1/9/2014,Katerinas Caf,29.82,Dante,Coginian,L2343
1/9/2014,Albert's Fine Clothing,224.52,Varro,Awelon,L6417
1/9/2014,Katerinas Caf,13.78,Ruscella,Mies Haber,L4034
1/9/2014,Guy's Gyros,8.23,Cornelia,Lais,L2247
1/9/2014,Shoppers' Delight,258.43,Rachel,Pantanal,L1107
1/10/2014,Hallowed Grounds,16.75,Emile,Arpa,L8328
1/10/2014,Brew've Been Served,4.88,Mat,Bramar,L9406
1/10/2014,Hallowed Grounds,17.63,Rachel,Pantanal,L1107
1/10/2014,Coffee Cameleon,9.69,Carla,Forluniau,L9018
1/10/2014,Brew've Been Served,5.91,Cornelia,Lais,L2247
1/10/2014,Hallowed Grounds,9.34,Anda,Ribera,L6267
1/10/2014,Brew've Been Served,14.36,Linda,Lagos,L6110
1/10/2014,Katerinas Caf,21.22,Carla,Forluniau,L9018
1/10/2014,Abila Zacharo,31.34,Rachel,Pantanal,L1107
1/10/2014,Kalami Kafenion,27.48,Ruscella,Mies Haber,L4034
1/10/2014,Guy's Gyros,38.15,Linda,Lagos,L6110
1/10/2014,Ouzeri Elian,24.74,Cornelia,Lais,L2247
1/10/2014,Guy's Gyros,16.34,Emile,Arpa,L8328
1/10/2014,Abila Zacharo,9.32,Anda,Ribera,L6267
1/10/2014,Gelatogalore,32.19,Dante,Coginian,L2343
1/10/2014,Hippokampos,19.88,Varro,Awelon,L6417
1/10/2014,Frydos Autosupply n' More,43.65,Dante,Coginian,L2343
1/10/2014,Katerinas Caf,8.14,Linda,Lagos,L6110
1/10/2014,Katerinas Caf,21.28,Ruscella,Mies Haber,L4034
1/10/2014,Guy's Gyros,25.81,Cornelia,Lais,L2247
1/11/2014,Katerinas Caf,45.21,Carla,Forluniau,L9018
1/11/2014,Hippokampos,22.23,Anda,Ribera,L6267
1/11/2014,Kalami Kafenion,35.66,Varro,Awelon,L6417
1/11/2014,Shoppers' Delight,238.52,Carla,Forluniau,L9018
1/11/2014,General Grocer,78.02,Emile,Arpa,L8328
1/11/2014,Katerinas Caf,20.71,Anda,Ribera,L6267
1/11/2014,Guy's Gyros,36.2,Cornelia,Lais,L2247
1/11/2014,Katerinas Caf,25.76,Mat,Bramar,L9406
1/11/2014,Katerinas Caf,52.45,Dante,Coginian,L2343
1/11/2014,Frydos Autosupply n' More,236.25,Emile,Arpa,L8328
1/11/2014,Hippokampos,69.8,Varro,Awelon,L6417
1/11/2014,Katerinas Caf,94.68,Carla,Forluniau,L9018
1/12/2014,Ouzeri Elian,98.45,Ruscella,Mies Haber,L4034
1/12/2014,Hippokampos,29.2,Varro,Awelon,L6417
1/12/2014,Guy's Gyros,30.47,Emile,Arpa,L8328
1/12/2014,Kronos Mart,147.3,Ruscella,Mies Haber,L4034
1/12/2014,General Grocer,159.3,Varro,Awelon,L6417
1/12/2014,Katerinas Caf,40.94,Ruscella,Mies Haber,L4034
1/12/2014,Frydos Autosupply n' More,88.93,Cornelia,Lais,L2247
1/12/2014,Katerinas Caf,39.3,Emile,Arpa,L8328
1/12/2014,Katerinas Caf,16.34,Linda,Lagos,L6110
1/12/2014,Katerinas Caf,40.25,Mat,Bramar,L9406
1/12/2014,Frydos Autosupply n' More,161.96,Dante,Coginian,L2343
1/13/2014,Brew've Been Served,9.53,Mat,Bramar,L9406
1/13/2014,Hallowed Grounds,6.32,Anda,Ribera,L6267
1/13/2014,Brew've Been Served,13.37,Linda,Lagos,L6110
1/13/2014,Coffee Cameleon,17.49,Carla,Forluniau,L9018
1/13/2014,Coffee Shack,4.09,Varro,Awelon,L6417
1/13/2014,Hallowed Grounds,15.96,Rachel,Pantanal,L1107
1/13/2014,Brew've Been Served,19.89,Dante,Coginian,L2343
1/13/2014,Katerinas Caf,38.98,Carla,Forluniau,L9018
1/13/2014,Hippokampos,14.04,Ruscella,Mies Haber,L4034
1/13/2014,Guy's Gyros,21.03,Linda,Lagos,L6110
1/13/2014,Kalami Kafenion,20.33,Cornelia,Lais,L2247
1/13/2014,Gelatogalore,36.24,Dante,Coginian,L2343
1/13/2014,Guy's Gyros,38.07,Varro,Awelon,L6417
1/13/2014,Gelatogalore,37.17,Rachel,Pantanal,L1107
1/13/2014,Hippokampos,26.96,Mat,Bramar,L9406
1/13/2014,Guy's Gyros,36.87,Emile,Arpa,L8328
1/13/2014,Frydos Autosupply n' More,188.57,Emile,Arpa,L8328
1/13/2014,Frydos Autosupply n' More,64.6,Linda,Lagos,L6110
1/13/2014,Ouzeri Elian,21.83,Rachel,Pantanal,L1107
1/13/2014,Katerinas Caf,33.57,Ruscella,Mies Haber,L4034
1/13/2014,Guy's Gyros,19.77,Cornelia,Lais,L2247
1/13/2014,Hippokampos,32.29,Varro,Awelon,L6417
1/13/2014,Frydos Autosupply n' More,202.05,Carla,Forluniau,L9018
1/14/2014,Brew've Been Served,14.67,Cornelia,Lais,L2247
1/14/2014,Hallowed Grounds,16.67,Emile,Arpa,L8328
1/14/2014,Brew've Been Served,14.04,Mat,Bramar,L9406
1/14/2014,Brew've Been Served,9.53,Dante,Coginian,L2343
1/14/2014,Coffee Cameleon,11.67,Carla,Forluniau,L9018
1/14/2014,Hallowed Grounds,10.65,Rachel,Pantanal,L1107
1/14/2014,Brew've Been Served,16.39,Ruscella,Mies Haber,L4034
1/14/2014,Coffee Shack,3.63,Varro,Awelon,L6417
1/14/2014,Hallowed Grounds,6.16,Anda,Ribera,L6267
1/14/2014,Brew've Been Served,11.53,Linda,Lagos,L6110
1/14/2014,Abila Zacharo,31.09,Linda,Lagos,L6110
1/14/2014,Kalami Kafenion,33.13,Ruscella,Mies Haber,L4034
1/14/2014,Katerinas Caf,11.26,Carla,Forluniau,L9018
1/14/2014,Katerinas Caf,31.69,Anda,Ribera,L6267
1/14/2014,Ouzeri Elian,33.67,Rachel,Pantanal,L1107
1/14/2014,Kalami Kafenion,27.65,Mat,Bramar,L9406
1/14/2014,Gelatogalore,35.97,Cornelia,Lais,L2247
1/14/2014,Ouzeri Elian,19.7,Varro,Awelon,L6417
1/14/2014,Gelatogalore,22.03,Emile,Arpa,L8328
1/14/2014,Hippokampos,16.73,Dante,Coginian,L2343
1/14/2014,Guy's Gyros,35.12,Cornelia,Lais,L2247
1/14/2014,Katerinas Caf,31.94,Ruscella,Mies Haber,L4034
1/14/2014,Katerinas Caf,26.61,Dante,Coginian,L2343
1/14/2014,Ouzeri Elian,20.95,Rachel,Pantanal,L1107
1/14/2014,Katerinas Caf,25.4,Linda,Lagos,L6110
1/14/2014,Katerinas Caf,28.05,Anda,Ribera,L6267
1/14/2014,Frydos Autosupply n' More,49.21,Mat,Bramar,L9406
1/15/2014,Hallowed Grounds,18.69,Anda,Ribera,L6267
1/15/2014,Brew've Been Served,3.14,Mat,Bramar,L9406
1/15/2014,Brew've Been Served,8.42,Cornelia,Lais,L2247
1/15/2014,Brew've Been Served,5.75,Linda,Lagos,L6110
1/15/2014,Coffee Shack,18.17,Varro,Awelon,L6417
1/15/2014,Coffee Cameleon,16.31,Carla,Forluniau,L9018
1/15/2014,Hallowed Grounds,14.39,Rachel,Pantanal,L1107
1/15/2014,Brew've Been Served,3.47,Dante,Coginian,L2343
1/15/2014,Katerinas Caf,28.56,Carla,Forluniau,L9018
1/15/2014,Kalami Kafenion,38.5,Ruscella,Mies Haber,L4034
1/15/2014,Ouzeri Elian,25.7,Cornelia,Lais,L2247
1/15/2014,Kalami Kafenion,37.15,Linda,Lagos,L6110
1/15/2014,Guy's Gyros,12.19,Anda,Ribera,L6267
1/15/2014,Gelatogalore,24.96,Varro,Awelon,L6417
1/15/2014,Ouzeri Elian,26.61,Emile,Arpa,L8328
1/15/2014,Guy's Gyros,16.58,Dante,Coginian,L2343
1/15/2014,Gelatogalore,22.36,Rachel,Pantanal,L1107
1/15/2014,Abila Zacharo,26.82,Mat,Bramar,L9406
1/15/2014,Katerinas Caf,36.8,Anda,Ribera,L6267
1/15/2014,Guy's Gyros,24.91,Cornelia,Lais,L2247
1/15/2014,Katerinas Caf,38.81,Ruscella,Mies Haber,L4034
1/15/2014,Katerinas Caf,29.33,Linda,Lagos,L6110
1/15/2014,Katerinas Caf,29.66,Carla,Forluniau,L9018
1/15/2014,Katerinas Caf,21.61,Dante,Coginian,L2343
1/15/2014,Albert's Fine Clothing,228.15,Varro,Awelon,L6417
1/15/2014,Frydos Autosupply n' More,276.88,Mat,Bramar,L9406
1/15/2014,Ouzeri Elian,8.57,Rachel,Pantanal,L1107
1/16/2014,Brew've Been Served,5.05,Cornelia,Lais,L2247
1/16/2014,Hallowed Grounds,17.92,Emile,Arpa,L8328
1/16/2014,Coffee Shack,10.48,Varro,Awelon,L6417
1/16/2014,Brew've Been Served,3.84,Mat,Bramar,L9406
1/16/2014,Coffee Cameleon,3.14,Carla,Forluniau,L9018
1/16/2014,Hallowed Grounds,18.23,Anda,Ribera,L6267
1/16/2014,Hallowed Grounds,4.6,Rachel,Pantanal,L1107
1/16/2014,Brew've Been Served,11.21,Linda,Lagos,L6110
1/16/2014,Katerinas Caf,39.74,Ruscella,Mies Haber,L4034
1/16/2014,Hippokampos,13.05,Anda,Ribera,L6267
1/16/2014,Abila Zacharo,24.38,Mat,Bramar,L9406
1/16/2014,Katerinas Caf,38.32,Cornelia,Lais,L2247
1/16/2014,Kalami Kafenion,9.27,Dante,Coginian,L2343
1/16/2014,Ouzeri Elian,8.52,Carla,Forluniau,L9018
1/16/2014,Ouzeri Elian,8.47,Varro,Awelon,L6417
1/16/2014,Ouzeri Elian,31.21,Rachel,Pantanal,L1107
1/16/2014,Guy's Gyros,36.48,Emile,Arpa,L8328
1/16/2014,Octavio's Office Supplies,131.01,Cornelia,Lais,L2247
1/16/2014,Katerinas Caf,13.68,Linda,Lagos,L6110
1/16/2014,Katerinas Caf,29.3,Ruscella,Mies Haber,L4034
1/16/2014,Albert's Fine Clothing,283.38,Varro,Awelon,L6417
1/16/2014,Katerinas Caf,18.79,Emile,Arpa,L8328
1/16/2014,Ouzeri Elian,22.65,Rachel,Pantanal,L1107
1/16/2014,Katerinas Caf,35.43,Carla,Forluniau,L9018
1/16/2014,Katerinas Caf,30.56,Dante,Coginian,L2343
1/16/2014,Frydos Autosupply n' More,130.01,Mat,Bramar,L9406
1/17/2014,Brew've Been Served,11.69,Cornelia,Lais,L2247
1/17/2014,Brew've Been Served,8.07,Mat,Bramar,L9406
1/17/2014,Coffee Shack,19.16,Varro,Awelon,L6417
1/17/2014,Hallowed Grounds,5.52,Anda,Ribera,L6267
1/17/2014,Coffee Cameleon,7.49,Carla,Forluniau,L9018
1/17/2014,Brew've Been Served,18.15,Ruscella,Mies Haber,L4034
1/17/2014,Brew've Been Served,14.58,Linda,Lagos,L6110
1/17/2014,Hippokampos,38.21,Carla,Forluniau,L9018
1/17/2014,Gelatogalore,18.1,Rachel,Pantanal,L1107
1/17/2014,Hippokampos,23.54,Anda,Ribera,L6267
1/17/2014,Kalami Kafenion,24.21,Linda,Lagos,L6110
1/17/2014,Guy's Gyros,15.12,Dante,Coginian,L2343
1/17/2014,Guy's Gyros,21.1,Varro,Awelon,L6417
1/17/2014,Abila Zacharo,11.95,Cornelia,Lais,L2247
1/17/2014,Katerinas Caf,30.72,Mat,Bramar,L9406
1/17/2014,Ouzeri Elian,26.1,Emile,Arpa,L8328
1/17/2014,Katerinas Caf,21.16,Carla,Forluniau,L9018
1/17/2014,Hippokampos,19.76,Varro,Awelon,L6417
1/17/2014,Frydos Autosupply n' More,124.52,Mat,Bramar,L9406
1/17/2014,Katerinas Caf,14.93,Emile,Arpa,L8328
1/17/2014,Katerinas Caf,36.12,Dante,Coginian,L2343
1/17/2014,Ouzeri Elian,26.4,Rachel,Pantanal,L1107
1/17/2014,Katerinas Caf,33.73,Ruscella,Mies Haber,L4034
1/17/2014,Frydos Autosupply n' More,67.29,Cornelia,Lais,L2247
1/18/2014,Katerinas Caf,34.54,Anda,Ribera,L6267
1/18/2014,Kalami Kafenion,30.12,Cornelia,Lais,L2247
1/18/2014,Kalami Kafenion,42.73,Dante,Coginian,L2343
1/18/2014,Gelatogalore,24.38,Rachel,Pantanal,L1107
1/18/2014,Katerinas Caf,37.26,Linda,Lagos,L6110
1/18/2014,Frydos Autosupply n' More,103.41,Cornelia,Lais,L2247
1/18/2014,Albert's Fine Clothing,189.52,Anda,Ribera,L6267
1/18/2014,Frydos Autosupply n' More,234.53,Ruscella,Mies Haber,L4034
1/18/2014,Guy's Gyros,28.07,Cornelia,Lais,L2247
1/18/2014,Ouzeri Elian,14.9,Rachel,Pantanal,L1107
1/18/2014,Katerinas Caf,32.68,Carla,Forluniau,L9018
1/18/2014,Katerinas Caf,45.88,Linda,Lagos,L6110
1/18/2014,Hippokampos,55.03,Varro,Awelon,L6417
1/6/2014,Albert's Fine Clothing,276.9,Lucas,Alcazar,L5777
1/6/2014,Hallowed Grounds,8.05,Lucas,Alcazar,L5777
1/6/2014,Bean There Done That,10.28,Lars,Azada,L7783
1/6/2014,Guy's Gyros,15.44,Lars,Azada,L7783
1/6/2014,Hippokampos,21.33,Lars,Azada,L7783
1/6/2014,Bean There Done That,16.09,Felix,Balas,L3191
1/6/2014,Guy's Gyros,30.82,Felix,Balas,L3191
1/6/2014,Abila Zacharo,30.08,Ingrid,Barranco,L4164
1/6/2014,Brewed Awakenings,5.72,Ingrid,Barranco,L4164
1/6/2014,Hippokampos,17.27,Ingrid,Barranco,L4164
1/6/2014,Jack's Magical Beans,11.03,Isak,Baza,L6267
1/6/2014,Katerinas Caf,18.56,Isak,Baza,L6267
1/6/2014,Coffee Cameleon,8.73,Linnea,Bergen,L1682
1/6/2014,Gelatogalore,12.74,Linnea,Bergen,L1682
1/6/2014,Katerinas Caf,23.63,Linnea,Bergen,L1682
1/6/2014,Brew've Been Served,18.24,Loreto,Bodrogi,L1485
1/6/2014,Katerinas Caf,39.41,Loreto,Bodrogi,L1485
1/6/2014,Brewed Awakenings,16.89,Isande,Borrasca,L5947
1/6/2014,Ouzeri Elian,38.9,Isande,Borrasca,L5947
1/6/2014,Gelatogalore,22.64,Nils,Calixto,L6119
1/6/2014,Bean There Done That,8.54,Axel,Calzas,L3014
1/6/2014,Hippokampos,8.64,Axel,Calzas,L3014
1/6/2014,Hippokampos,26.8,Axel,Calzas,L3014
1/6/2014,Brewed Awakenings,4.35,Ada,Campo-Corrente,L2070
1/6/2014,Hippokampos,20.61,Ada,Campo-Corrente,L2070
1/6/2014,Bean There Done That,5.24,Gustav,Cazar,L4149
1/6/2014,Hippokampos,35.34,Gustav,Cazar,L4149
1/6/2014,Abila Zacharo,18.11,Hideki,Cocinaro,L6544
1/6/2014,Guy's Gyros,15.29,Hideki,Cocinaro,L6544
1/6/2014,Hallowed Grounds,12.22,Hideki,Cocinaro,L6544
1/6/2014,Hallowed Grounds,10.07,Lidelse,Dedos,L4424
1/6/2014,Katerinas Caf,13.59,Lidelse,Dedos,L4424
1/6/2014,Katerinas Caf,12.32,Lidelse,Dedos,L4424
1/6/2014,Brew've Been Served,8.88,Inga,Ferro,L5259
1/6/2014,Gelatogalore,23.41,Inga,Ferro,L5259
1/6/2014,Guy's Gyros,28.94,Inga,Ferro,L5259
1/6/2014,Brew've Been Served,4.24,Sven,Flecha,L3800
1/6/2014,Guy's Gyros,16.92,Sven,Flecha,L3800
1/6/2014,Guy's Gyros,39.29,Sven,Flecha,L3800
1/6/2014,Hallowed Grounds,16.72,Birgitta,Frente,L5553
1/6/2014,Katerinas Caf,32.64,Birgitta,Frente,L5553
1/6/2014,Bean There Done That,4.27,Vira,Frente,L3366
1/6/2014,Hippokampos,25.5,Vira,Frente,L3366
1/6/2014,Ouzeri Elian,20.4,Vira,Frente,L3366
1/6/2014,Brew've Been Served,8.33,Stenig,Fusil,L8148
1/6/2014,Guy's Gyros,37.82,Stenig,Fusil,L8148
1/6/2014,Ouzeri Elian,20.56,Stenig,Fusil,L8148
1/6/2014,Carlyle Chemical Inc.,3959.66,Albina,Hafon,L4063
1/6/2014,Abila Airport,4540.08,Albina,Hafon,L4063
1/6/2014,Abila Airport,777.06,Albina,Hafon,L4063
1/6/2014,Kronos Pipe and Irrigation,242.21,Albina,Hafon,L4063
1/6/2014,Maximum Iron and Steel,2859.51,Albina,Hafon,L4063
1/6/2014,Ouzeri Elian,16.84,Albina,Hafon,L4063
1/6/2014,Brew've Been Served,14.97,Kanon,Herrero,L3572
1/6/2014,Brew've Been Served,3.67,Varja,Lagos,L2490
1/6/2014,Guy's Gyros,22.57,Varja,Lagos,L2490
1/6/2014,Kalami Kafenion,30.1,Varja,Lagos,L2490
1/6/2014,U-Pump,59.51,Varja,Lagos,L2490
1/6/2014,Abila Airport,612.47,Henk,Mies,L2769
1/6/2014,Albert's Fine Clothing,121.76,Minke,Mies,L2169
1/6/2014,Brew've Been Served,15.58,Minke,Mies,L2169
1/6/2014,Kalami Kafenion,22.31,Minke,Mies,L2169
1/6/2014,Nationwide Refinery,761.64,Cecilia,Morluniau,L9633
1/6/2014,Stewart and Sons Fabrication,2144.62,Cecilia,Morluniau,L9633
1/6/2014,Coffee Cameleon,11.86,Adra,Nubarron,L9637
1/6/2014,Frydos Autosupply n' More,197.32,Adra,Nubarron,L9637
1/6/2014,Frydos Autosupply n' More,274.98,Marin,Onda,L8012
1/6/2014,Guy's Gyros,11.22,Marin,Onda,L8012
1/6/2014,Abila Zacharo,50.14,Elsa,Orilla,L3288
1/6/2014,Frydos Autosupply n' More,253.87,Elsa,Orilla,L3288
1/6/2014,Jack's Magical Beans,18.59,Elsa,Orilla,L3288
1/6/2014,Gelatogalore,36.33,Kare,Orilla,L7814
1/6/2014,Hallowed Grounds,10.66,Kare,Orilla,L7814
1/6/2014,Katerinas Caf,26.1,Kare,Orilla,L7814
1/6/2014,Abila Zacharo,23.15,Hennie,Osvaldo,L3259
1/6/2014,Brew've Been Served,12.83,Hennie,Osvaldo,L3259
1/6/2014,Katerinas Caf,17.92,Hennie,Osvaldo,L3259
1/6/2014,Coffee Cameleon,8.39,Bertrand,Ovan,L3295
1/6/2014,Katerinas Caf,15.52,Bertrand,Ovan,L3295
1/6/2014,Ouzeri Elian,30.87,Bertrand,Ovan,L3295
1/6/2014,Brew've Been Served,5.66,Felix,Resumir,L9363
1/6/2014,Guy's Gyros,11.94,Felix,Resumir,L9363
1/6/2014,Katerinas Caf,19.65,Felix,Resumir,L9363
1/6/2014,Jack's Magical Beans,7.84,Orhan,Strum,L5224
1/6/2014,Brew've Been Served,16.9,Brand,Tempestad,L7291
1/6/2014,Ouzeri Elian,34.71,Brand,Tempestad,L7291
1/6/2014,Brew've Been Served,11.34,Edvard,Vann,L8566
1/6/2014,Hippokampos,13.26,Edvard,Vann,L8566
1/6/2014,Abila Zacharo,12.05,Isia,Vann,L9254
1/6/2014,Brew've Been Served,10.68,Isia,Vann,L9254
1/6/2014,Shoppers' Delight,293.67,Isia,Vann,L9254
1/6/2014,Guy's Gyros,19.67,Willem,Vasco-Pais,L6886
1/6/2014,Jack's Magical Beans,18.1,Willem,Vasco-Pais,L6886
1/7/2014,Gelatogalore,21.52,Lucas,Alcazar,L5777
1/7/2014,Hallowed Grounds,4.44,Lucas,Alcazar,L5777
1/7/2014,Ouzeri Elian,25.27,Lucas,Alcazar,L5777
1/7/2014,Abila Zacharo,13.52,Lars,Azada,L7783
1/7/2014,Bean There Done That,11.25,Lars,Azada,L7783
1/7/2014,Hippokampos,11.56,Lars,Azada,L7783
1/7/2014,Guy's Gyros,10.11,Felix,Balas,L3191
1/7/2014,Abila Zacharo,12.72,Ingrid,Barranco,L4164
1/7/2014,Hippokampos,15.85,Ingrid,Barranco,L4164
1/7/2014,Abila Zacharo,22.25,Isak,Baza,L6267
1/7/2014,Jack's Magical Beans,3.68,Isak,Baza,L6267
1/7/2014,Coffee Cameleon,7.66,Linnea,Bergen,L1682
1/7/2014,Gelatogalore,34.04,Linnea,Bergen,L1682
1/7/2014,Katerinas Caf,19.49,Linnea,Bergen,L1682
1/7/2014,Brewed Awakenings,4.84,Loreto,Bodrogi,L1485
1/7/2014,Guy's Gyros,22.33,Loreto,Bodrogi,L1485
1/7/2014,Hippokampos,31.69,Loreto,Bodrogi,L1485
1/7/2014,Brewed Awakenings,11.59,Isande,Borrasca,L5947
1/7/2014,Guy's Gyros,34.09,Isande,Borrasca,L5947
1/7/2014,Hippokampos,21.2,Isande,Borrasca,L5947
1/7/2014,Hallowed Grounds,14.05,Nils,Calixto,L6119
1/7/2014,Katerinas Caf,22.27,Nils,Calixto,L6119
1/7/2014,Katerinas Caf,14.75,Nils,Calixto,L6119
1/7/2014,Bean There Done That,13.89,Axel,Calzas,L3014
1/7/2014,Hippokampos,20.17,Axel,Calzas,L3014
1/7/2014,Kalami Kafenion,22.83,Axel,Calzas,L3014
1/7/2014,Brewed Awakenings,6.72,Ada,Campo-Corrente,L2070
1/7/2014,Gelatogalore,35.06,Ada,Campo-Corrente,L2070
1/7/2014,Hippokampos,22.18,Ada,Campo-Corrente,L2070
1/7/2014,Bean There Done That,8.03,Gustav,Cazar,L4149
1/7/2014,Hippokampos,10.19,Gustav,Cazar,L4149
1/7/2014,Hallowed Grounds,18.97,Hideki,Cocinaro,L6544
1/7/2014,Kalami Kafenion,22.14,Hideki,Cocinaro,L6544
1/7/2014,Gelatogalore,31.77,Lidelse,Dedos,L4424
1/7/2014,Abila Zacharo,25.9,Inga,Ferro,L5259
1/7/2014,Guy's Gyros,14.87,Inga,Ferro,L5259
1/7/2014,Brew've Been Served,5.08,Sven,Flecha,L3800
1/7/2014,Guy's Gyros,22.25,Sven,Flecha,L3800
1/7/2014,Kalami Kafenion,25.9,Sven,Flecha,L3800
1/7/2014,Guy's Gyros,12.57,Birgitta,Frente,L5553
1/7/2014,Hallowed Grounds,9.92,Birgitta,Frente,L5553
1/7/2014,Katerinas Caf,17.26,Birgitta,Frente,L5553
1/7/2014,Albert's Fine Clothing,228.36,Vira,Frente,L3366
1/7/2014,Bean There Done That,6.25,Vira,Frente,L3366
1/7/2014,Ouzeri Elian,24.84,Vira,Frente,L3366
1/7/2014,Guy's Gyros,11.31,Stenig,Fusil,L8148
1/7/2014,Abila Airport,3840.37,Benito,Hawelon,L7761
1/7/2014,Stewart and Sons Fabrication,1200.9,Benito,Hawelon,L7761
1/7/2014,Brew've Been Served,11.92,Kanon,Herrero,L3572
1/7/2014,Brew've Been Served,9.06,Varja,Lagos,L2490
1/7/2014,Guy's Gyros,31.23,Varja,Lagos,L2490
1/7/2014,Katerinas Caf,31.41,Varja,Lagos,L2490
1/7/2014,Abila Airport,124.89,Henk,Mies,L2769
1/7/2014,Abila Airport,3411.29,Henk,Mies,L2769
1/7/2014,Brew've Been Served,3,Minke,Mies,L2169
1/7/2014,Katerinas Caf,10.9,Minke,Mies,L2169
1/7/2014,Carlyle Chemical Inc.,3827.2,Valeria,Morlun,L5756
1/7/2014,Katerinas Caf,19.07,Valeria,Morlun,L5756
1/7/2014,Nationwide Refinery,1562.66,Valeria,Morlun,L5756
1/7/2014,Nationwide Refinery,1347.36,Cecilia,Morluniau,L9633
1/7/2014,Stewart and Sons Fabrication,1783.33,Cecilia,Morluniau,L9633
1/7/2014,Kronos Pipe and Irrigation,3920.82,Irene,Nant,L8477
1/7/2014,Maximum Iron and Steel,3207.31,Irene,Nant,L8477
1/7/2014,Coffee Cameleon,11.55,Adra,Nubarron,L9637
1/7/2014,Katerinas Caf,10.07,Adra,Nubarron,L9637
1/7/2014,Ouzeri Elian,29.1,Adra,Nubarron,L9637
1/7/2014,Hallowed Grounds,7.88,Marin,Onda,L8012
1/7/2014,Katerinas Caf,18.35,Marin,Onda,L8012
1/7/2014,Jack's Magical Beans,18.77,Elsa,Orilla,L3288
1/7/2014,Kalami Kafenion,45.05,Elsa,Orilla,L3288
1/7/2014,Ouzeri Elian,11.41,Elsa,Orilla,L3288
1/7/2014,Hallowed Grounds,9.61,Kare,Orilla,L7814
1/7/2014,Hippokampos,16.11,Kare,Orilla,L7814
1/7/2014,Katerinas Caf,32.83,Kare,Orilla,L7814
1/7/2014,Brew've Been Served,14.49,Hennie,Osvaldo,L3259
1/7/2014,Gelatogalore,17.21,Hennie,Osvaldo,L3259
1/7/2014,Katerinas Caf,33.29,Hennie,Osvaldo,L3259
1/7/2014,Coffee Cameleon,9.1,Bertrand,Ovan,L3295
1/7/2014,Gelatogalore,8.97,Bertrand,Ovan,L3295
1/7/2014,Katerinas Caf,19.53,Bertrand,Ovan,L3295
1/7/2014,Brew've Been Served,7.74,Felix,Resumir,L9363
1/7/2014,Frydos Autosupply n' More,272.73,Felix,Resumir,L9363
1/7/2014,Ouzeri Elian,19.51,Felix,Resumir,L9363
1/7/2014,Abila Scrapyard,2149.28,Dylan,Scozzese,L3317
1/7/2014,Abila Airport,1641.96,Dylan,Scozzese,L3317
1/7/2014,Nationwide Refinery,889.58,Dylan,Scozzese,L3317
1/7/2014,Guy's Gyros,29.57,Orhan,Strum,L5224
1/7/2014,Jack's Magical Beans,19.61,Orhan,Strum,L5224
1/7/2014,Abila Zacharo,17.81,Brand,Tempestad,L7291
1/7/2014,Brew've Been Served,18.53,Brand,Tempestad,L7291
1/7/2014,Kalami Kafenion,18.06,Edvard,Vann,L8566
1/7/2014,Brewed Awakenings,12.59,Isia,Vann,L9254
1/7/2014,Guy's Gyros,38.56,Isia,Vann,L9254
1/7/2014,Guy's Gyros,9.76,Isia,Vann,L9254
1/7/2014,Gelatogalore,8.98,Willem,Vasco-Pais,L6886
1/7/2014,Hippokampos,37.88,Willem,Vasco-Pais,L6886
1/7/2014,Jack's Magical Beans,9.84,Willem,Vasco-Pais,L6886
1/8/2014,Hippokampos,39.8,Lucas,Alcazar,L5777
1/8/2014,Ouzeri Elian,10.81,Lucas,Alcazar,L5777
1/8/2014,Abila Zacharo,14.41,Lars,Azada,L7783
1/8/2014,Bean There Done That,17.45,Lars,Azada,L7783
1/8/2014,Hippokampos,10.52,Lars,Azada,L7783
1/8/2014,Albert's Fine Clothing,136.01,Felix,Balas,L3191
1/8/2014,Bean There Done That,12.07,Felix,Balas,L3191
1/8/2014,Hippokampos,28.79,Felix,Balas,L3191
1/8/2014,Brewed Awakenings,11.73,Ingrid,Barranco,L4164
1/8/2014,Hippokampos,26.31,Ingrid,Barranco,L4164
1/8/2014,Ouzeri Elian,32.61,Ingrid,Barranco,L4164
1/8/2014,Jack's Magical Beans,3.96,Isak,Baza,L6267
1/8/2014,Katerinas Caf,8.53,Isak,Baza,L6267
1/8/2014,Ouzeri Elian,29.85,Isak,Baza,L6267
1/8/2014,Coffee Cameleon,6.59,Linnea,Bergen,L1682
1/8/2014,Hippokampos,16.59,Linnea,Bergen,L1682
1/8/2014,Katerinas Caf,19.12,Linnea,Bergen,L1682
1/8/2014,Brew've Been Served,12.92,Loreto,Bodrogi,L1485
1/8/2014,Frank's Fuel,65.34,Loreto,Bodrogi,L1485
1/8/2014,Frydos Autosupply n' More,182.56,Loreto,Bodrogi,L1485
1/8/2014,Guy's Gyros,17.9,Loreto,Bodrogi,L1485
1/8/2014,Brewed Awakenings,12.32,Isande,Borrasca,L5947
1/8/2014,Chostus Hotel,107.51,Isande,Borrasca,L5947
1/8/2014,Hippokampos,16.54,Isande,Borrasca,L5947
1/8/2014,Gelatogalore,35.29,Nils,Calixto,L6119
1/8/2014,Hallowed Grounds,19.92,Nils,Calixto,L6119
1/8/2014,Katerinas Caf,36.6,Nils,Calixto,L6119
1/8/2014,Hippokampos,12.62,Axel,Calzas,L3014
1/8/2014,Hippokampos,26.55,Ada,Campo-Corrente,L2070
1/8/2014,Hippokampos,15.64,Ada,Campo-Corrente,L2070
1/8/2014,Bean There Done That,14.96,Gustav,Cazar,L4149
1/8/2014,Hippokampos,37.89,Gustav,Cazar,L4149
1/8/2014,General Grocer,265.84,Hideki,Cocinaro,L6544
1/8/2014,Guy's Gyros,15.86,Lidelse,Dedos,L4424
1/8/2014,Hallowed Grounds,8.15,Lidelse,Dedos,L4424
1/8/2014,Katerinas Caf,27.87,Lidelse,Dedos,L4424
1/8/2014,Brew've Been Served,17.13,Inga,Ferro,L5259
1/8/2014,Gelatogalore,36.72,Inga,Ferro,L5259
1/8/2014,Brew've Been Served,3.42,Sven,Flecha,L3800
1/8/2014,Guy's Gyros,30.12,Sven,Flecha,L3800
1/8/2014,Guy's Gyros,28.81,Sven,Flecha,L3800
1/8/2014,Abila Zacharo,16.2,Birgitta,Frente,L5553
1/8/2014,Hallowed Grounds,3.4,Birgitta,Frente,L5553
1/8/2014,Bean There Done That,16.18,Vira,Frente,L3366
1/8/2014,Hippokampos,32.66,Vira,Frente,L3366
1/8/2014,Katerinas Caf,37.04,Vira,Frente,L3366
1/8/2014,Brew've Been Served,8.27,Stenig,Fusil,L8148
1/8/2014,Kalami Kafenion,14.77,Stenig,Fusil,L8148
1/8/2014,Brew've Been Served,7.26,Kanon,Herrero,L3572
1/8/2014,Brew've Been Served,11.87,Varja,Lagos,L2490
1/8/2014,Gelatogalore,39.75,Varja,Lagos,L2490
1/8/2014,Guy's Gyros,19.08,Varja,Lagos,L2490
1/8/2014,Abila Airport,2723.18,Henk,Mies,L2769
1/8/2014,Abila Airport,2769.12,Henk,Mies,L2769
1/8/2014,Brew've Been Served,6.3,Minke,Mies,L2169
1/8/2014,Guy's Gyros,10.34,Minke,Mies,L2169
1/8/2014,Guy's Gyros,30.48,Minke,Mies,L2169
1/8/2014,Nationwide Refinery,4513.16,Adan,Morlun,L5485
1/8/2014,Stewart and Sons Fabrication,1738.26,Adan,Morlun,L5485
1/8/2014,Carlyle Chemical Inc.,4901.88,Valeria,Morlun,L5756
1/8/2014,Katerinas Caf,29.26,Valeria,Morlun,L5756
1/8/2014,Nationwide Refinery,4367.43,Valeria,Morlun,L5756
1/8/2014,Nationwide Refinery,3674.32,Cecilia,Morluniau,L9633
1/8/2014,Stewart and Sons Fabrication,1673.77,Cecilia,Morluniau,L9633
1/8/2014,Carlyle Chemical Inc.,4983.52,Irene,Nant,L8477
1/8/2014,Kronos Pipe and Irrigation,3615.61,Irene,Nant,L8477
1/8/2014,Maximum Iron and Steel,3136.01,Irene,Nant,L8477
1/8/2014,Coffee Cameleon,15.71,Adra,Nubarron,L9637
1/8/2014,Katerinas Caf,26.45,Adra,Nubarron,L9637
1/8/2014,Katerinas Caf,33.31,Adra,Nubarron,L9637
1/8/2014,Katerinas Caf,31.59,Marin,Onda,L8012
1/8/2014,Gelatogalore,50.36,Elsa,Orilla,L3288
1/8/2014,Jack's Magical Beans,18.78,Elsa,Orilla,L3288
1/8/2014,Ouzeri Elian,62.2,Elsa,Orilla,L3288
1/8/2014,Hallowed Grounds,3.11,Kare,Orilla,L7814
1/8/2014,Kalami Kafenion,23.82,Kare,Orilla,L7814
1/8/2014,Brew've Been Served,13.68,Hennie,Osvaldo,L3259
1/8/2014,Gelatogalore,20.72,Hennie,Osvaldo,L3259
1/8/2014,Coffee Cameleon,12.26,Bertrand,Ovan,L3295
1/8/2014,Kalami Kafenion,24.08,Bertrand,Ovan,L3295
1/8/2014,Katerinas Caf,32.83,Bertrand,Ovan,L3295
1/8/2014,Abila Zacharo,30.85,Felix,Resumir,L9363
1/8/2014,Brew've Been Served,10.15,Felix,Resumir,L9363
1/8/2014,Jack's Magical Beans,12.37,Orhan,Strum,L5224
1/8/2014,Ouzeri Elian,29.73,Orhan,Strum,L5224
1/8/2014,Brew've Been Served,19.17,Brand,Tempestad,L7291
1/8/2014,Chostus Hotel,111.89,Brand,Tempestad,L7291
1/8/2014,Guy's Gyros,18.24,Brand,Tempestad,L7291
1/8/2014,Brew've Been Served,12.3,Edvard,Vann,L8566
1/8/2014,Hippokampos,9.03,Edvard,Vann,L8566
1/8/2014,Brew've Been Served,15.66,Isia,Vann,L9254
1/8/2014,Guy's Gyros,15.69,Isia,Vann,L9254
1/8/2014,Kalami Kafenion,31.96,Isia,Vann,L9254
1/8/2014,Abila Zacharo,36.85,Willem,Vasco-Pais,L6886
1/8/2014,Hippokampos,18.99,Willem,Vasco-Pais,L6886
1/8/2014,Jack's Magical Beans,11.25,Willem,Vasco-Pais,L6886
1/9/2014,Abila Zacharo,29.41,Lucas,Alcazar,L5777
1/9/2014,Hallowed Grounds,14.45,Lucas,Alcazar,L5777
1/9/2014,Bean There Done That,13,Lars,Azada,L7783
1/9/2014,Guy's Gyros,14.91,Lars,Azada,L7783
1/9/2014,Hippokampos,8.43,Felix,Balas,L3191
1/9/2014,Hippokampos,10.12,Felix,Balas,L3191
1/9/2014,Kronos Mart,203.91,Ingrid,Barranco,L4164
1/9/2014,Ouzeri Elian,26.09,Ingrid,Barranco,L4164
1/9/2014,Gelatogalore,8.6,Isak,Baza,L6267
1/9/2014,Jack's Magical Beans,10.11,Isak,Baza,L6267
1/9/2014,Katerinas Caf,17.02,Linnea,Bergen,L1682
1/9/2014,Frydos Autosupply n' More,276.75,Loreto,Bodrogi,L1485
1/9/2014,Jack's Magical Beans,6,Loreto,Bodrogi,L1485
1/9/2014,Katerinas Caf,10.42,Loreto,Bodrogi,L1485
1/9/2014,Brewed Awakenings,13.16,Isande,Borrasca,L5947
1/9/2014,Gelatogalore,16.74,Isande,Borrasca,L5947
1/9/2014,Hippokampos,15.02,Isande,Borrasca,L5947
1/9/2014,Guy's Gyros,13.59,Nils,Calixto,L6119
1/9/2014,Guy's Gyros,8.23,Nils,Calixto,L6119
1/9/2014,Bean There Done That,4.06,Axel,Calzas,L3014
1/9/2014,Katerinas Caf,8.01,Axel,Calzas,L3014
1/9/2014,Albert's Fine Clothing,229.98,Ada,Campo-Corrente,L2070
1/9/2014,Brewed Awakenings,17.66,Ada,Campo-Corrente,L2070
1/9/2014,Frydos Autosupply n' More,60.65,Gustav,Cazar,L4149
1/9/2014,Hippokampos,9.12,Gustav,Cazar,L4149
1/9/2014,Hallowed Grounds,16.77,Hideki,Cocinaro,L6544
1/9/2014,Ouzeri Elian,32.89,Hideki,Cocinaro,L6544
1/9/2014,Abila Zacharo,20.73,Lidelse,Dedos,L4424
1/9/2014,Hallowed Grounds,17.84,Lidelse,Dedos,L4424
1/9/2014,Abila Zacharo,14.37,Inga,Ferro,L5259
1/9/2014,Brew've Been Served,5.3,Sven,Flecha,L3800
1/9/2014,Guy's Gyros,35.05,Sven,Flecha,L3800
1/9/2014,Kalami Kafenion,18.14,Sven,Flecha,L3800
1/9/2014,Guy's Gyros,15,Birgitta,Frente,L5553
1/9/2014,Hallowed Grounds,18.48,Birgitta,Frente,L5553
1/9/2014,Katerinas Caf,26,Birgitta,Frente,L5553
1/9/2014,Bean There Done That,4.05,Vira,Frente,L3366
1/9/2014,Hippokampos,24.96,Vira,Frente,L3366
1/9/2014,Kalami Kafenion,30.76,Vira,Frente,L3366
1/9/2014,Brew've Been Served,15.82,Stenig,Fusil,L8148
1/9/2014,Guy's Gyros,29.96,Stenig,Fusil,L8148
1/9/2014,Ouzeri Elian,22.4,Stenig,Fusil,L8148
1/9/2014,Abila Airport,2358.22,Benito,Hawelon,L7761
1/9/2014,Nationwide Refinery,1420.39,Benito,Hawelon,L7761
1/9/2014,Stewart and Sons Fabrication,1015.65,Benito,Hawelon,L7761
1/9/2014,Brew've Been Served,17.64,Kanon,Herrero,L3572
1/9/2014,Guy's Gyros,18.26,Kanon,Herrero,L3572
1/9/2014,Abila Zacharo,8.16,Varja,Lagos,L2490
1/9/2014,Brew've Been Served,12.12,Varja,Lagos,L2490
1/9/2014,Frydos Autosupply n' More,138.02,Varja,Lagos,L2490
1/9/2014,Abila Airport,182.93,Henk,Mies,L2769
1/9/2014,Abila Airport,4538.52,Henk,Mies,L2769
1/9/2014,Brew've Been Served,6.21,Minke,Mies,L2169
1/9/2014,Guy's Gyros,31.31,Minke,Mies,L2169
1/9/2014,Hippokampos,25.7,Minke,Mies,L2169
1/9/2014,Carlyle Chemical Inc.,529.47,Valeria,Morlun,L5756
1/9/2014,Carlyle Chemical Inc.,382.43,Valeria,Morlun,L5756
1/9/2014,Carlyle Chemical Inc.,2176.2,Valeria,Morlun,L5756
1/9/2014,Katerinas Caf,16.98,Valeria,Morlun,L5756
1/9/2014,Nationwide Refinery,289.3,Valeria,Morlun,L5756
1/9/2014,Nationwide Refinery,674.28,Cecilia,Morluniau,L9633
1/9/2014,Stewart and Sons Fabrication,3544,Cecilia,Morluniau,L9633
1/9/2014,Carlyle Chemical Inc.,732.82,Irene,Nant,L8477
1/9/2014,Kronos Pipe and Irrigation,423.14,Irene,Nant,L8477
1/9/2014,Maximum Iron and Steel,1527.14,Irene,Nant,L8477
1/9/2014,Coffee Cameleon,16.13,Adra,Nubarron,L9637
1/9/2014,Hallowed Grounds,17.56,Marin,Onda,L8012
1/9/2014,Hippokampos,13.84,Marin,Onda,L8012
1/9/2014,Katerinas Caf,8.57,Marin,Onda,L8012
1/9/2014,Abila Zacharo,48.39,Elsa,Orilla,L3288
1/9/2014,Katerinas Caf,19.02,Kare,Orilla,L7814
1/9/2014,Gelatogalore,11.94,Hennie,Osvaldo,L3259
1/9/2014,Hallowed Grounds,10.25,Hennie,Osvaldo,L3259
1/9/2014,Coffee Cameleon,19.99,Bertrand,Ovan,L3295
1/9/2014,Guy's Gyros,17.44,Bertrand,Ovan,L3295
1/9/2014,Katerinas Caf,26.6,Bertrand,Ovan,L3295
1/9/2014,Brew've Been Served,19.47,Felix,Resumir,L9363
1/9/2014,Abila Scrapyard,1158.36,Dylan,Scozzese,L3317
1/9/2014,Abila Airport,4792.5,Dylan,Scozzese,L3317
1/9/2014,Nationwide Refinery,1322.5,Dylan,Scozzese,L3317
1/9/2014,Stewart and Sons Fabrication,918.6,Dylan,Scozzese,L3317
1/9/2014,Hippokampos,23.66,Orhan,Strum,L5224
1/9/2014,Katerinas Caf,25.85,Orhan,Strum,L5224
1/9/2014,Brew've Been Served,10.71,Brand,Tempestad,L7291
1/9/2014,Hippokampos,27.93,Brand,Tempestad,L7291
1/9/2014,Brew've Been Served,5.13,Edvard,Vann,L8566
1/9/2014,Gelatogalore,23.45,Edvard,Vann,L8566
1/9/2014,General Grocer,285.34,Edvard,Vann,L8566
1/9/2014,Brew've Been Served,14.85,Isia,Vann,L9254
1/9/2014,Guy's Gyros,25.4,Isia,Vann,L9254
1/9/2014,Guy's Gyros,31.81,Isia,Vann,L9254
1/9/2014,Abila Zacharo,8.6,Willem,Vasco-Pais,L6886
1/9/2014,Hippokampos,9.13,Willem,Vasco-Pais,L6886
1/9/2014,Jack's Magical Beans,17.43,Willem,Vasco-Pais,L6886
1/10/2014,Hallowed Grounds,6.87,Lucas,Alcazar,L5777
1/10/2014,Bean There Done That,15.39,Lars,Azada,L7783
1/10/2014,Gelatogalore,26.15,Lars,Azada,L7783
1/10/2014,Hippokampos,28.22,Lars,Azada,L7783
1/10/2014,Bean There Done That,3.92,Felix,Balas,L3191
1/10/2014,Guy's Gyros,31.5,Felix,Balas,L3191
1/10/2014,Brewed Awakenings,13.82,Ingrid,Barranco,L4164
1/10/2014,Hippokampos,10.48,Ingrid,Barranco,L4164
1/10/2014,Katerinas Caf,34.76,Ingrid,Barranco,L4164
1/10/2014,Abila Zacharo,33.33,Isak,Baza,L6267
1/10/2014,Jack's Magical Beans,15.69,Isak,Baza,L6267
1/10/2014,Ouzeri Elian,19.92,Isak,Baza,L6267
1/10/2014,Coffee Cameleon,8.51,Linnea,Bergen,L1682
1/10/2014,Guy's Gyros,15.93,Linnea,Bergen,L1682
1/10/2014,Octavio's Office Supplies,64.51,Linnea,Bergen,L1682
1/10/2014,Brew've Been Served,14.45,Loreto,Bodrogi,L1485
1/10/2014,Ouzeri Elian,35.24,Loreto,Bodrogi,L1485
1/10/2014,Brewed Awakenings,6.17,Isande,Borrasca,L5947
1/10/2014,Hallowed Grounds,10.34,Nils,Calixto,L6119
1/10/2014,Ouzeri Elian,25.98,Nils,Calixto,L6119
1/10/2014,Bean There Done That,13.41,Axel,Calzas,L3014
1/10/2014,Ouzeri Elian,15.25,Axel,Calzas,L3014
1/10/2014,Brewed Awakenings,13.9,Ada,Campo-Corrente,L2070
1/10/2014,Hippokampos,30.63,Ada,Campo-Corrente,L2070
1/10/2014,Hippokampos,17.21,Ada,Campo-Corrente,L2070
1/10/2014,Bean There Done That,18.67,Gustav,Cazar,L4149
1/10/2014,Guy's Gyros,31.05,Gustav,Cazar,L4149
1/10/2014,Hallowed Grounds,10.76,Hideki,Cocinaro,L6544
1/10/2014,Katerinas Caf,37.62,Hideki,Cocinaro,L6544
1/10/2014,Abila Zacharo,8.22,Lidelse,Dedos,L4424
1/10/2014,Hallowed Grounds,12.03,Lidelse,Dedos,L4424
1/10/2014,Abila Zacharo,36.38,Inga,Ferro,L5259
1/10/2014,Brew've Been Served,3.03,Inga,Ferro,L5259
1/10/2014,Shoppers' Delight,279.53,Inga,Ferro,L5259
1/10/2014,Brew've Been Served,3.44,Sven,Flecha,L3800
1/10/2014,Frydos Autosupply n' More,217.08,Sven,Flecha,L3800
1/10/2014,Guy's Gyros,26.68,Sven,Flecha,L3800
1/10/2014,Hallowed Grounds,8.34,Birgitta,Frente,L5553
1/10/2014,Ouzeri Elian,30.93,Birgitta,Frente,L5553
1/10/2014,Albert's Fine Clothing,126.13,Vira,Frente,L3366
1/10/2014,Bean There Done That,9.3,Vira,Frente,L3366
1/10/2014,Katerinas Caf,25.62,Vira,Frente,L3366
1/10/2014,Brew've Been Served,15.85,Stenig,Fusil,L8148
1/10/2014,Guy's Gyros,26.76,Stenig,Fusil,L8148
1/10/2014,Guy's Gyros,23.61,Stenig,Fusil,L8148
1/10/2014,Carlyle Chemical Inc.,227.81,Claudio,Hawelon,L5924
1/10/2014,Nationwide Refinery,2262.73,Claudio,Hawelon,L5924
1/10/2014,Stewart and Sons Fabrication,4195.49,Claudio,Hawelon,L5924
1/10/2014,Brew've Been Served,5.89,Kanon,Herrero,L3572
1/10/2014,Brew've Been Served,5.01,Varja,Lagos,L2490
1/10/2014,Kalami Kafenion,35.69,Varja,Lagos,L2490
1/10/2014,Brew've Been Served,12.64,Minke,Mies,L2169
1/10/2014,General Grocer,227.28,Minke,Mies,L2169
1/10/2014,Kalami Kafenion,24.3,Minke,Mies,L2169
1/10/2014,Nationwide Refinery,1552.82,Cecilia,Morluniau,L9633
1/10/2014,Stewart and Sons Fabrication,4074.1,Cecilia,Morluniau,L9633
1/10/2014,Carlyle Chemical Inc.,3489.36,Irene,Nant,L8477
1/10/2014,Katerinas Caf,24.33,Adra,Nubarron,L9637
1/10/2014,Abila Zacharo,36.73,Marin,Onda,L8012
1/10/2014,Hallowed Grounds,11.49,Marin,Onda,L8012
1/10/2014,Jack's Magical Beans,16.29,Elsa,Orilla,L3288
1/10/2014,Kalami Kafenion,101.5,Elsa,Orilla,L3288
1/10/2014,Abila Zacharo,16.12,Kare,Orilla,L7814
1/10/2014,Brew've Been Served,13.32,Hennie,Osvaldo,L3259
1/10/2014,Katerinas Caf,15.76,Hennie,Osvaldo,L3259
1/10/2014,Ouzeri Elian,20.46,Hennie,Osvaldo,L3259
1/10/2014,Coffee Cameleon,11.54,Bertrand,Ovan,L3295
1/10/2014,Gelatogalore,39.4,Bertrand,Ovan,L3295
1/10/2014,Katerinas Caf,21.89,Bertrand,Ovan,L3295
1/10/2014,Brew've Been Served,5.31,Felix,Resumir,L9363
1/10/2014,Guy's Gyros,29.81,Felix,Resumir,L9363
1/10/2014,Hippokampos,39.89,Felix,Resumir,L9363
1/10/2014,Guy's Gyros,36.44,Orhan,Strum,L5224
1/10/2014,Jack's Magical Beans,5.46,Orhan,Strum,L5224
1/10/2014,Chostus Hotel,113.25,Brand,Tempestad,L7291
1/10/2014,Brew've Been Served,17.25,Edvard,Vann,L8566
1/10/2014,Guy's Gyros,27.78,Edvard,Vann,L8566
1/10/2014,Hippokampos,39.26,Edvard,Vann,L8566
1/10/2014,Octavio's Office Supplies,139.72,Edvard,Vann,L8566
1/10/2014,Brew've Been Served,10.72,Isia,Vann,L9254
1/10/2014,Katerinas Caf,25.36,Isia,Vann,L9254
1/10/2014,Hippokampos,32.01,Willem,Vasco-Pais,L6886
1/10/2014,Hippokampos,39.97,Willem,Vasco-Pais,L6886
1/11/2014,Hippokampos,70.23,Lars,Azada,L7783
1/11/2014,Hippokampos,67.37,Felix,Balas,L3191
1/11/2014,Frydos Autosupply n' More,52.73,Ingrid,Barranco,L4164
1/11/2014,Hippokampos,66.21,Ingrid,Barranco,L4164
1/11/2014,Hippokampos,20.87,Ingrid,Barranco,L4164
1/11/2014,Ouzeri Elian,69.36,Isak,Baza,L6267
1/11/2014,Katerinas Caf,29.17,Linnea,Bergen,L1682
1/11/2014,Abila Zacharo,89.54,Isande,Borrasca,L5947
1/11/2014,Katerinas Caf,57.36,Isande,Borrasca,L5947
1/11/2014,Katerinas Caf,12.55,Nils,Calixto,L6119
1/11/2014,Hippokampos,63.21,Ada,Campo-Corrente,L2070
1/11/2014,Katerinas Caf,23.45,Gustav,Cazar,L4149
1/11/2014,Kalami Kafenion,39.36,Hideki,Cocinaro,L6544
1/11/2014,Katerinas Caf,17.6,Lidelse,Dedos,L4424
1/11/2014,Kalami Kafenion,23.86,Inga,Ferro,L5259
1/11/2014,Guy's Gyros,33.65,Sven,Flecha,L3800
1/11/2014,Gelatogalore,17.31,Birgitta,Frente,L5553
1/11/2014,Katerinas Caf,55.67,Birgitta,Frente,L5553
1/11/2014,Katerinas Caf,29.1,Vira,Frente,L3366
1/11/2014,Guy's Gyros,55.69,Stenig,Fusil,L8148
1/11/2014,Katerinas Caf,71.65,Varja,Lagos,L2490
1/11/2014,Albert's Fine Clothing,211.47,Minke,Mies,L2169
1/11/2014,Hippokampos,23.38,Minke,Mies,L2169
1/11/2014,Katerinas Caf,26.02,Adra,Nubarron,L9637
1/11/2014,Katerinas Caf,33.18,Adra,Nubarron,L9637
1/11/2014,Abila Zacharo,54.82,Marin,Onda,L8012
1/11/2014,Katerinas Caf,45.68,Marin,Onda,L8012
1/11/2014,Kalami Kafenion,50.2,Elsa,Orilla,L3288
1/11/2014,Katerinas Caf,27.46,Kare,Orilla,L7814
1/11/2014,Katerinas Caf,9.78,Hennie,Osvaldo,L3259
1/11/2014,Abila Zacharo,45.2,Felix,Resumir,L9363
1/11/2014,Frydos Autosupply n' More,261,Felix,Resumir,L9363
1/11/2014,Albert's Fine Clothing,105.33,Orhan,Strum,L5224
1/11/2014,Katerinas Caf,45.22,Orhan,Strum,L5224
1/11/2014,Ahaggo Museum,32.14,Brand,Tempestad,L7291
1/11/2014,Hippokampos,32.63,Brand,Tempestad,L7291
1/11/2014,Ahaggo Museum,89.32,Edvard,Vann,L8566
1/11/2014,Hippokampos,63.21,Edvard,Vann,L8566
1/11/2014,Guy's Gyros,16.33,Isia,Vann,L9254
1/12/2014,Hippokampos,31.99,Lucas,Alcazar,L5777
1/12/2014,Hippokampos,66.63,Lars,Azada,L7783
1/12/2014,Hippokampos,78.21,Felix,Balas,L3191
1/12/2014,Desafio Golf Course,160.77,Ingrid,Barranco,L4164
1/12/2014,Hippokampos,63.32,Ingrid,Barranco,L4164
1/12/2014,Ouzeri Elian,55.55,Isak,Baza,L6267
1/12/2014,Katerinas Caf,11.81,Linnea,Bergen,L1682
1/12/2014,Guy's Gyros,34.41,Loreto,Bodrogi,L1485
1/12/2014,Hippokampos,29.41,Isande,Borrasca,L5947
1/12/2014,Kalami Kafenion,26.04,Isande,Borrasca,L5947
1/12/2014,Hippokampos,8.54,Nils,Calixto,L6119
1/12/2014,Katerinas Caf,12.64,Nils,Calixto,L6119
1/12/2014,Albert's Fine Clothing,63.36,Axel,Calzas,L3014
1/12/2014,Desafio Golf Course,198.46,Ada,Campo-Corrente,L2070
1/12/2014,Hippokampos,26.79,Ada,Campo-Corrente,L2070
1/12/2014,Ouzeri Elian,38.55,Ada,Campo-Corrente,L2070
1/12/2014,Hippokampos,27.15,Gustav,Cazar,L4149
1/12/2014,Guy's Gyros,42.32,Hideki,Cocinaro,L6544
1/12/2014,Hippokampos,12.57,Lidelse,Dedos,L4424
1/12/2014,Katerinas Caf,27.09,Lidelse,Dedos,L4424
1/12/2014,Ouzeri Elian,24.72,Inga,Ferro,L5259
1/12/2014,Shoppers' Delight,204.37,Inga,Ferro,L5259
1/12/2014,Shoppers' Delight,211.03,Sven,Flecha,L3800
1/12/2014,Hippokampos,49.23,Vira,Frente,L3366
1/12/2014,Kronos Mart,159.06,Stenig,Fusil,L8148
1/12/2014,Shoppers' Delight,86.22,Kanon,Herrero,L3572
1/12/2014,Guy's Gyros,42.78,Varja,Lagos,L2490
1/12/2014,Albert's Fine Clothing,195.81,Adra,Nubarron,L9637
1/12/2014,Hippokampos,12.55,Adra,Nubarron,L9637
1/12/2014,Ouzeri Elian,72.32,Marin,Onda,L8012
1/12/2014,Shoppers' Delight,135.78,Marin,Onda,L8012
1/12/2014,Gelatogalore,36.2,Elsa,Orilla,L3288
1/12/2014,Kalami Kafenion,14.59,Kare,Orilla,L7814
1/12/2014,Katerinas Caf,15.37,Hennie,Osvaldo,L3259
1/12/2014,Katerinas Caf,34.1,Bertrand,Ovan,L9362
1/12/2014,Katerinas Caf,67.14,Bertrand,Ovan,L9362
1/12/2014,Shoppers' Delight,51.5,Bertrand,Ovan,L9362
1/12/2014,Ahaggo Museum,120.2,Felix,Resumir,L9363
1/12/2014,Guy's Gyros,34.74,Felix,Resumir,L9363
1/12/2014,Hippokampos,52.21,Orhan,Strum,L5224
1/12/2014,Ouzeri Elian,117.22,Orhan,Strum,L5224
1/12/2014,Abila Zacharo,11.2,Brand,Tempestad,L7291
1/12/2014,Desafio Golf Course,129.33,Willem,Vasco-Pais,L6886
1/13/2014,Hallowed Grounds,14.11,Lucas,Alcazar,L5777
1/13/2014,Hippokampos,30.51,Lucas,Alcazar,L5777
1/13/2014,Ouzeri Elian,28.75,Lucas,Alcazar,L5777
1/13/2014,Bean There Done That,7.93,Lars,Azada,L7783
1/13/2014,Gelatogalore,36.93,Lars,Azada,L7783
1/13/2014,Hippokampos,31.59,Lars,Azada,L7783
1/13/2014,Abila Zacharo,11.99,Felix,Balas,L3191
1/13/2014,Bean There Done That,18.02,Felix,Balas,L3191
1/13/2014,Abila Zacharo,36.14,Ingrid,Barranco,L4164
1/13/2014,Albert's Fine Clothing,288,Ingrid,Barranco,L4164
1/13/2014,Brewed Awakenings,12.69,Ingrid,Barranco,L4164
1/13/2014,Jack's Magical Beans,18.31,Isak,Baza,L6267
1/13/2014,Katerinas Caf,26.15,Isak,Baza,L6267
1/13/2014,Coffee Cameleon,4.88,Linnea,Bergen,L1682
1/13/2014,Hippokampos,35.73,Linnea,Bergen,L1682
1/13/2014,Abila Zacharo,36.32,Loreto,Bodrogi,L1485
1/13/2014,Brew've Been Served,12.8,Loreto,Bodrogi,L1485
1/13/2014,Shoppers' Delight,216.43,Loreto,Bodrogi,L1485
1/13/2014,Brewed Awakenings,16.4,Isande,Borrasca,L5947
1/13/2014,Guy's Gyros,27.49,Isande,Borrasca,L5947
1/13/2014,Hallowed Grounds,9.16,Nils,Calixto,L6119
1/13/2014,Katerinas Caf,37.88,Nils,Calixto,L6119
1/13/2014,Katerinas Caf,15.82,Nils,Calixto,L6119
1/13/2014,Bean There Done That,19.56,Axel,Calzas,L3014
1/13/2014,Ouzeri Elian,29.75,Axel,Calzas,L3014
1/13/2014,Brewed Awakenings,16.25,Ada,Campo-Corrente,L2070
1/13/2014,Gelatogalore,26.45,Ada,Campo-Corrente,L2070
1/13/2014,Hippokampos,31.47,Ada,Campo-Corrente,L2070
1/13/2014,Abila Zacharo,27.3,Gustav,Cazar,L4149
1/13/2014,Albert's Fine Clothing,49.48,Gustav,Cazar,L4149
1/13/2014,Bean There Done That,5.54,Gustav,Cazar,L4149
1/13/2014,Guy's Gyros,33.48,Hideki,Cocinaro,L6544
1/13/2014,Guy's Gyros,37.5,Hideki,Cocinaro,L6544
1/13/2014,Hallowed Grounds,19.18,Hideki,Cocinaro,L6544
1/13/2014,Bean There Done That,10.37,Lidelse,Dedos,L4424
1/13/2014,Katerinas Caf,8.29,Lidelse,Dedos,L4424
1/13/2014,Katerinas Caf,27.59,Lidelse,Dedos,L4424
1/13/2014,Abila Zacharo,17.41,Inga,Ferro,L5259
1/13/2014,Brew've Been Served,6.69,Inga,Ferro,L5259
1/13/2014,Guy's Gyros,15.84,Inga,Ferro,L5259
1/13/2014,Brew've Been Served,8.04,Sven,Flecha,L3800
1/13/2014,Guy's Gyros,36.89,Sven,Flecha,L3800
1/13/2014,Hippokampos,31.97,Sven,Flecha,L3800
1/13/2014,Bean There Done That,15.24,Birgitta,Frente,L5553
1/13/2014,Hippokampos,25.09,Birgitta,Frente,L5553
1/13/2014,Abila Zacharo,23.03,Vira,Frente,L3366
1/13/2014,Bean There Done That,18.59,Vira,Frente,L3366
1/13/2014,Abila Zacharo,39.95,Stenig,Fusil,L8148
1/13/2014,Brew've Been Served,4.18,Stenig,Fusil,L8148
1/13/2014,Carlyle Chemical Inc.,1718.96,Albina,Hafon,L4063
1/13/2014,Abila Airport,3617.47,Albina,Hafon,L4063
1/13/2014,Kronos Pipe and Irrigation,2852.74,Albina,Hafon,L4063
1/13/2014,Maximum Iron and Steel,689.85,Albina,Hafon,L4063
1/13/2014,Ouzeri Elian,19.82,Albina,Hafon,L4063
1/13/2014,Brew've Been Served,11.49,Kanon,Herrero,L3572
1/13/2014,Guy's Gyros,28.57,Kanon,Herrero,L3572
1/13/2014,Brew've Been Served,18.23,Varja,Lagos,L2490
1/13/2014,Abila Airport,4417.03,Henk,Mies,L2769
1/13/2014,Abila Airport,2228.08,Henk,Mies,L2769
1/13/2014,Brew've Been Served,16.05,Minke,Mies,L2169
1/13/2014,Frydos Autosupply n' More,87.57,Minke,Mies,L2169
1/13/2014,Hippokampos,17.17,Minke,Mies,L2169
1/13/2014,Nationwide Refinery,204.58,Cecilia,Morluniau,L9633
1/13/2014,Stewart and Sons Fabrication,4071.95,Cecilia,Morluniau,L9633
1/13/2014,Coffee Cameleon,17.76,Adra,Nubarron,L9637
1/13/2014,Guy's Gyros,37.37,Adra,Nubarron,L9637
1/13/2014,Katerinas Caf,35.7,Adra,Nubarron,L9637
1/13/2014,Katerinas Caf,11.36,Marin,Onda,L8012
1/13/2014,Ouzeri Elian,8.32,Marin,Onda,L8012
1/13/2014,Abila Zacharo,64.5,Elsa,Orilla,L3288
1/13/2014,Jack's Magical Beans,5.22,Elsa,Orilla,L3288
1/13/2014,Hallowed Grounds,13.68,Kare,Orilla,L7814
1/13/2014,Katerinas Caf,24.26,Kare,Orilla,L7814
1/13/2014,Hallowed Grounds,5.85,Hennie,Osvaldo,L3259
1/13/2014,Katerinas Caf,33.11,Hennie,Osvaldo,L3259
1/13/2014,Coffee Cameleon,19.93,Bertrand,Ovan,L9362
1/13/2014,Katerinas Caf,29.55,Bertrand,Ovan,L9362
1/13/2014,Katerinas Caf,29.83,Bertrand,Ovan,L9362
1/13/2014,Guy's Gyros,12.76,Felix,Resumir,L9363
1/13/2014,Shoppers' Delight,144.4,Felix,Resumir,L9363
1/13/2014,Gelatogalore,32.83,Orhan,Strum,L5224
1/13/2014,Hippokampos,39.63,Orhan,Strum,L5224
1/13/2014,Jack's Magical Beans,9.64,Orhan,Strum,L5224
1/13/2014,Abila Zacharo,8.72,Brand,Tempestad,L7291
1/13/2014,Brew've Been Served,8,Brand,Tempestad,L7291
1/13/2014,Brew've Been Served,18.71,Edvard,Vann,L8566
1/13/2014,Guy's Gyros,20.47,Edvard,Vann,L8566
1/13/2014,Ouzeri Elian,35.03,Edvard,Vann,L8566
1/13/2014,Brew've Been Served,19.64,Isia,Vann,L9254
1/13/2014,Guy's Gyros,22.34,Isia,Vann,L9254
1/13/2014,Hippokampos,39.9,Isia,Vann,L9254
1/13/2014,Guy's Gyros,29.25,Willem,Vasco-Pais,L6886
1/13/2014,Hippokampos,29.22,Willem,Vasco-Pais,L6886
1/13/2014,Jack's Magical Beans,17.52,Willem,Vasco-Pais,L6886
1/14/2014,Kalami Kafenion,16.84,Lucas,Alcazar,L5777
1/14/2014,Ouzeri Elian,15.94,Lucas,Alcazar,L5777
1/14/2014,Bean There Done That,7.28,Lars,Azada,L7783
1/14/2014,Hippokampos,39.64,Lars,Azada,L7783
1/14/2014,Albert's Fine Clothing,228.72,Felix,Balas,L3191
1/14/2014,Bean There Done That,19.37,Felix,Balas,L3191
1/14/2014,Kalami Kafenion,17.38,Felix,Balas,L3191
1/14/2014,Brewed Awakenings,17.14,Ingrid,Barranco,L4164
1/14/2014,Jack's Magical Beans,13.32,Isak,Baza,L6267
1/14/2014,Ouzeri Elian,11.86,Isak,Baza,L6267
1/14/2014,Coffee Cameleon,15.63,Linnea,Bergen,L1682
1/14/2014,Hippokampos,36.01,Linnea,Bergen,L1682
1/14/2014,Brew've Been Served,6.45,Loreto,Bodrogi,L1485
1/14/2014,Hippokampos,19.07,Loreto,Bodrogi,L1485
1/14/2014,Brewed Awakenings,8.3,Isande,Borrasca,L5947
1/14/2014,Chostus Hotel,109.54,Isande,Borrasca,L5947
1/14/2014,Hippokampos,22.13,Isande,Borrasca,L5947
1/14/2014,Hallowed Grounds,10.75,Nils,Calixto,L6119
1/14/2014,Hippokampos,18.81,Nils,Calixto,L6119
1/14/2014,Katerinas Caf,31.8,Nils,Calixto,L6119
1/14/2014,Gelatogalore,10.98,Axel,Calzas,L3014
1/14/2014,Hippokampos,10.71,Axel,Calzas,L3014
1/14/2014,Brewed Awakenings,11.35,Ada,Campo-Corrente,L2070
1/14/2014,Hippokampos,23.56,Ada,Campo-Corrente,L2070
1/14/2014,Kalami Kafenion,15.15,Ada,Campo-Corrente,L2070
1/14/2014,Bean There Done That,7.82,Gustav,Cazar,L4149
1/14/2014,Kalami Kafenion,15.27,Gustav,Cazar,L4149
1/14/2014,Guy's Gyros,34.26,Hideki,Cocinaro,L6544
1/14/2014,Hallowed Grounds,13,Hideki,Cocinaro,L6544
1/14/2014,Ouzeri Elian,22.3,Hideki,Cocinaro,L6544
1/14/2014,Guy's Gyros,16.35,Lidelse,Dedos,L4424
1/14/2014,Hallowed Grounds,19.99,Lidelse,Dedos,L4424
1/14/2014,Katerinas Caf,12.65,Lidelse,Dedos,L4424
1/14/2014,Brew've Been Served,11.94,Inga,Ferro,L5259
1/14/2014,Guy's Gyros,25.28,Inga,Ferro,L5259
1/14/2014,Katerinas Caf,33.54,Inga,Ferro,L5259
1/14/2014,Brew've Been Served,8.24,Sven,Flecha,L3800
1/14/2014,Gelatogalore,27.26,Sven,Flecha,L3800
1/14/2014,Guy's Gyros,12.96,Sven,Flecha,L3800
1/14/2014,Guy's Gyros,38.26,Birgitta,Frente,L5553
1/14/2014,Hallowed Grounds,10.21,Birgitta,Frente,L5553
1/14/2014,Katerinas Caf,18.35,Birgitta,Frente,L5553
1/14/2014,Bean There Done That,5.9,Vira,Frente,L3366
1/14/2014,Katerinas Caf,10.03,Vira,Frente,L3366
1/14/2014,Abila Zacharo,8.41,Stenig,Fusil,L8148
1/14/2014,Brew've Been Served,3.66,Stenig,Fusil,L8148
1/14/2014,Abila Airport,2369.56,Benito,Hawelon,L7761
1/14/2014,Nationwide Refinery,1301.01,Benito,Hawelon,L7761
1/14/2014,Stewart and Sons Fabrication,540.19,Benito,Hawelon,L7761
1/14/2014,Brew've Been Served,3.21,Kanon,Herrero,L3572
1/14/2014,Albert's Fine Clothing,50.77,Varja,Lagos,L2490
1/14/2014,Brew've Been Served,10.96,Varja,Lagos,L2490
1/14/2014,Ouzeri Elian,27.32,Varja,Lagos,L2490
1/14/2014,Abila Airport,228.41,Henk,Mies,L2769
1/14/2014,Abila Airport,4898.39,Henk,Mies,L2769
1/14/2014,Abila Zacharo,24.87,Minke,Mies,L2169
1/14/2014,Brewed Awakenings,12.74,Minke,Mies,L2169
1/14/2014,Frydos Autosupply n' More,42.72,Minke,Mies,L2169
1/14/2014,Carlyle Chemical Inc.,3630.57,Valeria,Morlun,L5756
1/14/2014,Carlyle Chemical Inc.,794.88,Valeria,Morlun,L5756
1/14/2014,Carlyle Chemical Inc.,3470.99,Valeria,Morlun,L5756
1/14/2014,Nationwide Refinery,570.95,Valeria,Morlun,L5756
1/14/2014,Nationwide Refinery,965.72,Cecilia,Morluniau,L9633
1/14/2014,Stewart and Sons Fabrication,278.52,Cecilia,Morluniau,L9633
1/14/2014,Coffee Cameleon,7.84,Adra,Nubarron,L9637
1/14/2014,Abila Zacharo,10.24,Marin,Onda,L8012
1/14/2014,Hallowed Grounds,4.59,Marin,Onda,L8012
1/14/2014,Guy's Gyros,50.4,Elsa,Orilla,L3288
1/14/2014,Jack's Magical Beans,3.36,Elsa,Orilla,L3288
1/14/2014,Kalami Kafenion,23.1,Kare,Orilla,L7814
1/14/2014,Katerinas Caf,11.89,Kare,Orilla,L7814
1/14/2014,Abila Zacharo,15.26,Hennie,Osvaldo,L3259
1/14/2014,Brew've Been Served,16.53,Hennie,Osvaldo,L3259
1/14/2014,Roberts and Sons,203.81,Hennie,Osvaldo,L3259
1/14/2014,Coffee Cameleon,9.8,Bertrand,Ovan,L9362
1/14/2014,Katerinas Caf,15.46,Bertrand,Ovan,L9362
1/14/2014,Katerinas Caf,36.95,Bertrand,Ovan,L9362
1/14/2014,Brew've Been Served,12.31,Felix,Resumir,L9363
1/14/2014,Frydos Autosupply n' More,146.74,Felix,Resumir,L9363
1/14/2014,Hippokampos,17.18,Felix,Resumir,L9363
1/14/2014,Abila Scrapyard,4277.4,Dylan,Scozzese,L3317
1/14/2014,Abila Airport,3339.21,Dylan,Scozzese,L3317
1/14/2014,Nationwide Refinery,4429.76,Dylan,Scozzese,L3317
1/14/2014,Jack's Magical Beans,15.7,Orhan,Strum,L5224
1/14/2014,Katerinas Caf,29.12,Orhan,Strum,L5224
1/14/2014,Brew've Been Served,5.87,Brand,Tempestad,L7291
1/14/2014,Chostus Hotel,113.08,Brand,Tempestad,L7291
1/14/2014,Brew've Been Served,4.72,Edvard,Vann,L8566
1/14/2014,Guy's Gyros,23.59,Edvard,Vann,L8566
1/14/2014,Katerinas Caf,29.1,Edvard,Vann,L8566
1/14/2014,Brew've Been Served,7.31,Isia,Vann,L9254
1/14/2014,Guy's Gyros,26.14,Isia,Vann,L9254
1/14/2014,Katerinas Caf,20.95,Isia,Vann,L9254
1/14/2014,Gelatogalore,39.17,Willem,Vasco-Pais,L6886
1/14/2014,Hippokampos,9.55,Willem,Vasco-Pais,L6886
1/14/2014,Jack's Magical Beans,18.08,Willem,Vasco-Pais,L6886
1/15/2014,Hallowed Grounds,15.86,Lucas,Alcazar,L5777
1/15/2014,Ouzeri Elian,24.81,Lucas,Alcazar,L5777
1/15/2014,Ouzeri Elian,32.95,Lucas,Alcazar,L5777
1/15/2014,Guy's Gyros,14.37,Lars,Azada,L7783
1/15/2014,Abila Zacharo,8.83,Felix,Balas,L3191
1/15/2014,Bean There Done That,5.34,Felix,Balas,L3191
1/15/2014,Hippokampos,35.12,Felix,Balas,L3191
1/15/2014,Abila Zacharo,23.51,Ingrid,Barranco,L4164
1/15/2014,Brewed Awakenings,15.75,Ingrid,Barranco,L4164
1/15/2014,Hippokampos,13,Isak,Baza,L6267
1/15/2014,Ouzeri Elian,23.18,Isak,Baza,L6267
1/15/2014,Coffee Cameleon,5.49,Linnea,Bergen,L1682
1/15/2014,Katerinas Caf,13.77,Linnea,Bergen,L1682
1/15/2014,Ouzeri Elian,8.93,Linnea,Bergen,L1682
1/15/2014,Brew've Been Served,15.58,Loreto,Bodrogi,L1485
1/15/2014,Gelatogalore,31.21,Loreto,Bodrogi,L1485
1/15/2014,Guy's Gyros,21.43,Loreto,Bodrogi,L1485
1/15/2014,Brewed Awakenings,11.62,Isande,Borrasca,L5947
1/15/2014,Frydos Autosupply n' More,18.91,Isande,Borrasca,L5947
1/15/2014,Hippokampos,22.61,Isande,Borrasca,L5947
1/15/2014,Abila Zacharo,31,Nils,Calixto,L6119
1/15/2014,Bean There Done That,13.13,Axel,Calzas,L3014
1/15/2014,Hippokampos,32.4,Axel,Calzas,L3014
1/15/2014,Hippokampos,16.37,Axel,Calzas,L3014
1/15/2014,Brewed Awakenings,3.62,Ada,Campo-Corrente,L2070
1/15/2014,Hippokampos,36.7,Ada,Campo-Corrente,L2070
1/15/2014,Shoppers' Delight,102,Ada,Campo-Corrente,L2070
1/15/2014,Bean There Done That,18.96,Gustav,Cazar,L4149
1/15/2014,Hippokampos,10.35,Gustav,Cazar,L4149
1/15/2014,Ouzeri Elian,36.47,Gustav,Cazar,L4149
1/15/2014,Hallowed Grounds,12.17,Hideki,Cocinaro,L6544
1/15/2014,Kronos Mart,258.83,Hideki,Cocinaro,L6544
1/15/2014,Ouzeri Elian,22.86,Hideki,Cocinaro,L6544
1/15/2014,Kalami Kafenion,26.17,Lidelse,Dedos,L4424
1/15/2014,Brew've Been Served,6.58,Inga,Ferro,L5259
1/15/2014,Gelatogalore,39.4,Inga,Ferro,L5259
1/15/2014,General Grocer,106.2,Inga,Ferro,L5259
1/15/2014,Brew've Been Served,3.71,Sven,Flecha,L3800
1/15/2014,Guy's Gyros,25.58,Birgitta,Frente,L5553
1/15/2014,Hallowed Grounds,5.28,Birgitta,Frente,L5553
1/15/2014,Katerinas Caf,11.45,Birgitta,Frente,L5553
1/15/2014,Bean There Done That,15.24,Vira,Frente,L3366
1/15/2014,Hippokampos,21.14,Vira,Frente,L3366
1/15/2014,Kalami Kafenion,27.86,Vira,Frente,L3366
1/15/2014,Brew've Been Served,15.5,Stenig,Fusil,L8148
1/15/2014,Guy's Gyros,36.35,Stenig,Fusil,L8148
1/15/2014,Brew've Been Served,11.23,Kanon,Herrero,L3572
1/15/2014,Guy's Gyros,27.01,Kanon,Herrero,L3572
1/15/2014,Brew've Been Served,14.06,Varja,Lagos,L2490
1/15/2014,Guy's Gyros,18.04,Varja,Lagos,L2490
1/15/2014,Ouzeri Elian,12.9,Varja,Lagos,L2490
1/15/2014,Abila Airport,3152.41,Henk,Mies,L2769
1/15/2014,Abila Airport,875.87,Henk,Mies,L2769
1/15/2014,Brew've Been Served,9.7,Minke,Mies,L2169
1/15/2014,Guy's Gyros,31.04,Minke,Mies,L2169
1/15/2014,Hippokampos,38.23,Minke,Mies,L2169
1/15/2014,Stewart and Sons Fabrication,4485.38,Adan,Morlun,L5485
1/15/2014,Carlyle Chemical Inc.,3608.08,Valeria,Morlun,L5756
1/15/2014,Carlyle Chemical Inc.,1112.04,Valeria,Morlun,L5756
1/15/2014,Carlyle Chemical Inc.,1392.73,Valeria,Morlun,L5756
1/15/2014,Katerinas Caf,24.15,Valeria,Morlun,L5756
1/15/2014,Nationwide Refinery,3004.98,Valeria,Morlun,L5756
1/15/2014,Nationwide Refinery,1391.24,Cecilia,Morluniau,L9633
1/15/2014,Kronos Pipe and Irrigation,2564,Irene,Nant,L8477
1/15/2014,Maximum Iron and Steel,4788.22,Irene,Nant,L8477
1/15/2014,Coffee Cameleon,19.93,Adra,Nubarron,L9637
1/15/2014,Guy's Gyros,15.89,Adra,Nubarron,L9637
1/15/2014,Katerinas Caf,12.12,Marin,Onda,L8012
1/15/2014,Katerinas Caf,39.63,Marin,Onda,L8012
1/15/2014,Jack's Magical Beans,5.3,Elsa,Orilla,L3288
1/15/2014,Katerinas Caf,55.6,Elsa,Orilla,L3288
1/15/2014,Ouzeri Elian,28.86,Elsa,Orilla,L3288
1/15/2014,Abila Zacharo,24.53,Kare,Orilla,L7814
1/15/2014,Hallowed Grounds,14.33,Kare,Orilla,L7814
1/15/2014,Katerinas Caf,39.23,Kare,Orilla,L7814
1/15/2014,Brew've Been Served,11.47,Hennie,Osvaldo,L3259
1/15/2014,Abila Zacharo,33.8,Bertrand,Ovan,L9362
1/15/2014,Coffee Cameleon,14.47,Bertrand,Ovan,L9362
1/15/2014,Katerinas Caf,27.48,Bertrand,Ovan,L9362
1/15/2014,Brew've Been Served,18.58,Felix,Resumir,L9363
1/15/2014,Kalami Kafenion,28.82,Felix,Resumir,L9363
1/15/2014,Hippokampos,37.16,Orhan,Strum,L5224
1/15/2014,Jack's Magical Beans,4.06,Orhan,Strum,L5224
1/15/2014,Kalami Kafenion,22.39,Orhan,Strum,L5224
1/15/2014,Brew've Been Served,19.87,Brand,Tempestad,L7291
1/15/2014,Frydos Autosupply n' More,235.27,Brand,Tempestad,L7291
1/15/2014,Hippokampos,38.89,Brand,Tempestad,L7291
1/15/2014,Brew've Been Served,4.92,Edvard,Vann,L8566
1/15/2014,General Grocer,137.65,Edvard,Vann,L8566
1/15/2014,Guy's Gyros,19.8,Edvard,Vann,L8566
1/15/2014,Guy's Gyros,29.34,Isia,Vann,L9254
1/15/2014,Guy's Gyros,28.75,Isia,Vann,L9254
1/15/2014,Gelatogalore,9.61,Willem,Vasco-Pais,L6886
1/15/2014,General Grocer,83.11,Willem,Vasco-Pais,L6886
1/15/2014,Jack's Magical Beans,19.54,Willem,Vasco-Pais,L6886
1/16/2014,Guy's Gyros,10.27,Lucas,Alcazar,L5777
1/16/2014,Hallowed Grounds,12.19,Lucas,Alcazar,L5777
1/16/2014,Ouzeri Elian,9.91,Lucas,Alcazar,L5777
1/16/2014,Bean There Done That,19.82,Lars,Azada,L7783
1/16/2014,Hippokampos,31.14,Lars,Azada,L7783
1/16/2014,Kronos Mart,286.24,Lars,Azada,L7783
1/16/2014,Bean There Done That,12.33,Felix,Balas,L3191
1/16/2014,Hippokampos,10.55,Felix,Balas,L3191
1/16/2014,Kalami Kafenion,31.38,Felix,Balas,L3191
1/16/2014,Hippokampos,20.84,Ingrid,Barranco,L4164
1/16/2014,Katerinas Caf,27.82,Ingrid,Barranco,L4164
1/16/2014,Hippokampos,36.17,Isak,Baza,L6267
1/16/2014,Jack's Magical Beans,9.12,Isak,Baza,L6267
1/16/2014,Ouzeri Elian,23.89,Isak,Baza,L6267
1/16/2014,Coffee Cameleon,5.2,Linnea,Bergen,L1682
1/16/2014,Hippokampos,16.53,Linnea,Bergen,L1682
1/16/2014,Katerinas Caf,36.32,Linnea,Bergen,L1682
1/16/2014,Brew've Been Served,5.82,Loreto,Bodrogi,L1485
1/16/2014,Ouzeri Elian,12.47,Loreto,Bodrogi,L1485
1/16/2014,Brewed Awakenings,6.53,Isande,Borrasca,L5947
1/16/2014,Hippokampos,10.38,Isande,Borrasca,L5947
1/16/2014,Guy's Gyros,31.48,Nils,Calixto,L6119
1/16/2014,Hallowed Grounds,13.84,Nils,Calixto,L6119
1/16/2014,Katerinas Caf,10.93,Nils,Calixto,L6119
1/16/2014,Bean There Done That,5.56,Axel,Calzas,L3014
1/16/2014,Guy's Gyros,32.8,Axel,Calzas,L3014
1/16/2014,Shoppers' Delight,100.69,Axel,Calzas,L3014
1/16/2014,Brewed Awakenings,6.39,Ada,Campo-Corrente,L2070
1/16/2014,Hippokampos,17.66,Ada,Campo-Corrente,L2070
1/16/2014,Hippokampos,14.89,Gustav,Cazar,L4149
1/16/2014,Hippokampos,29.13,Gustav,Cazar,L4149
1/16/2014,Guy's Gyros,11.31,Hideki,Cocinaro,L6544
1/16/2014,Hallowed Grounds,18.2,Hideki,Cocinaro,L6544
1/16/2014,Frydos Autosupply n' More,53.37,Lidelse,Dedos,L4424
1/16/2014,Gelatogalore,32.4,Lidelse,Dedos,L4424
1/16/2014,Hallowed Grounds,7.22,Lidelse,Dedos,L4424
1/16/2014,Albert's Fine Clothing,91.71,Inga,Ferro,L5259
1/16/2014,Brew've Been Served,16.9,Inga,Ferro,L5259
1/16/2014,Guy's Gyros,29.7,Inga,Ferro,L5259
1/16/2014,Brew've Been Served,7.31,Sven,Flecha,L3800
1/16/2014,Guy's Gyros,25.57,Sven,Flecha,L3800
1/16/2014,Kalami Kafenion,8.86,Sven,Flecha,L3800
1/16/2014,Hallowed Grounds,4.98,Birgitta,Frente,L5553
1/16/2014,Hippokampos,29.93,Birgitta,Frente,L5553
1/16/2014,Katerinas Caf,13.91,Birgitta,Frente,L5553
1/16/2014,Bean There Done That,17.4,Vira,Frente,L3366
1/16/2014,Hippokampos,34,Vira,Frente,L3366
1/16/2014,Kalami Kafenion,26.32,Vira,Frente,L3366
1/16/2014,Brew've Been Served,12.83,Stenig,Fusil,L8148
1/16/2014,Guy's Gyros,13.48,Stenig,Fusil,L8148
1/16/2014,Guy's Gyros,30.76,Stenig,Fusil,L8148
1/16/2014,Abila Airport,1676.53,Benito,Hawelon,L7761
1/16/2014,Nationwide Refinery,2047.28,Benito,Hawelon,L7761
1/16/2014,Stewart and Sons Fabrication,860.3,Benito,Hawelon,L7761
1/16/2014,Brew've Been Served,12.67,Kanon,Herrero,L3572
1/16/2014,Shoppers' Delight,16.84,Kanon,Herrero,L3572
1/16/2014,Brew've Been Served,19.9,Varja,Lagos,L2490
1/16/2014,Guy's Gyros,8.31,Varja,Lagos,L2490
1/16/2014,Katerinas Caf,34.02,Varja,Lagos,L2490
1/16/2014,Abila Airport,3917.3,Henk,Mies,L2769
1/16/2014,Abila Airport,3032.97,Henk,Mies,L2769
1/16/2014,Brew've Been Served,17.44,Minke,Mies,L2169
1/16/2014,Gelatogalore,10.62,Minke,Mies,L2169
1/16/2014,Roberts and Sons,155.76,Minke,Mies,L2169
1/16/2014,Carlyle Chemical Inc.,419.93,Valeria,Morlun,L5756
1/16/2014,Carlyle Chemical Inc.,1814.24,Valeria,Morlun,L5756
1/16/2014,Katerinas Caf,34.9,Valeria,Morlun,L5756
1/16/2014,Nationwide Refinery,4742.67,Valeria,Morlun,L5756
1/16/2014,Nationwide Refinery,1494.44,Cecilia,Morluniau,L9633
1/16/2014,Stewart and Sons Fabrication,4543.31,Cecilia,Morluniau,L9633
1/16/2014,Katerinas Caf,19.44,Adra,Nubarron,L9637
1/16/2014,Abila Zacharo,64.71,Elsa,Orilla,L3288
1/16/2014,Jack's Magical Beans,14.86,Elsa,Orilla,L3288
1/16/2014,Ouzeri Elian,29.99,Elsa,Orilla,L3288
1/16/2014,Hallowed Grounds,17.74,Kare,Orilla,L7814
1/16/2014,Kalami Kafenion,11.83,Kare,Orilla,L7814
1/16/2014,Katerinas Caf,34.58,Kare,Orilla,L7814
1/16/2014,Gelatogalore,22.19,Hennie,Osvaldo,L3259
1/16/2014,Hallowed Grounds,12.61,Hennie,Osvaldo,L3259
1/16/2014,Katerinas Caf,10.84,Hennie,Osvaldo,L3259
1/16/2014,Abila Zacharo,31.31,Bertrand,Ovan,L9362
1/16/2014,Coffee Cameleon,7.19,Bertrand,Ovan,L9362
1/16/2014,Katerinas Caf,14.34,Bertrand,Ovan,L9362
1/16/2014,Abila Zacharo,8.43,Felix,Resumir,L9363
1/16/2014,Guy's Gyros,28.27,Felix,Resumir,L9363
1/16/2014,Abila Scrapyard,1897.05,Dylan,Scozzese,L3317
1/16/2014,Abila Airport,3138.98,Dylan,Scozzese,L3317
1/16/2014,Jack's Magical Beans,12.56,Orhan,Strum,L5224
1/16/2014,Guy's Gyros,31.31,Brand,Tempestad,L7291
1/16/2014,Katerinas Caf,11.08,Brand,Tempestad,L7291
1/16/2014,Brew've Been Served,4.7,Edvard,Vann,L8566
1/16/2014,Guy's Gyros,37.8,Edvard,Vann,L8566
1/16/2014,Brew've Been Served,8.18,Isia,Vann,L9254
1/16/2014,Hippokampos,18.18,Isia,Vann,L9254
1/16/2014,Roberts and Sons,240.66,Isia,Vann,L9254
1/16/2014,Gelatogalore,12.33,Willem,Vasco-Pais,L6886
1/16/2014,Jack's Magical Beans,6.95,Willem,Vasco-Pais,L6886
1/17/2014,Hallowed Grounds,9.4,Lucas,Alcazar,L5777
1/17/2014,Ouzeri Elian,35.81,Lucas,Alcazar,L5777
1/17/2014,Bean There Done That,19.67,Lars,Azada,L7783
1/17/2014,Bean There Done That,8.21,Felix,Balas,L3191
1/17/2014,Gelatogalore,23.23,Felix,Balas,L3191
1/17/2014,Hippokampos,12.86,Felix,Balas,L3191
1/17/2014,Brewed Awakenings,8.16,Ingrid,Barranco,L4164
1/17/2014,Guy's Gyros,8.64,Ingrid,Barranco,L4164
1/17/2014,Hippokampos,11.93,Ingrid,Barranco,L4164
1/17/2014,Jack's Magical Beans,7.57,Isak,Baza,L6267
1/17/2014,Ouzeri Elian,38.6,Isak,Baza,L6267
1/17/2014,Coffee Cameleon,6.81,Linnea,Bergen,L1682
1/17/2014,Kalami Kafenion,140.78,Linnea,Bergen,L1682
1/17/2014,Katerinas Caf,19.09,Linnea,Bergen,L1682
1/17/2014,Brew've Been Served,3.09,Loreto,Bodrogi,L1485
1/17/2014,Guy's Gyros,39.14,Loreto,Bodrogi,L1485
1/17/2014,Guy's Gyros,8.54,Loreto,Bodrogi,L1485
1/17/2014,Brewed Awakenings,8.69,Isande,Borrasca,L5947
1/17/2014,Chostus Hotel,119.62,Isande,Borrasca,L5947
1/17/2014,Hippokampos,8.92,Isande,Borrasca,L5947
1/17/2014,Hallowed Grounds,14.58,Nils,Calixto,L6119
1/17/2014,Katerinas Caf,32.13,Nils,Calixto,L6119
1/17/2014,Bean There Done That,19.56,Axel,Calzas,L3014
1/17/2014,Hippokampos,10.14,Axel,Calzas,L3014
1/17/2014,Abila Zacharo,8.78,Ada,Campo-Corrente,L2070
1/17/2014,Brewed Awakenings,6,Ada,Campo-Corrente,L2070
1/17/2014,Hippokampos,14.93,Ada,Campo-Corrente,L2070
1/17/2014,Albert's Fine Clothing,39.41,Gustav,Cazar,L4149
1/17/2014,Bean There Done That,18.72,Gustav,Cazar,L4149
1/17/2014,Katerinas Caf,13.11,Gustav,Cazar,L4149
1/17/2014,General Grocer,78.03,Hideki,Cocinaro,L6544
1/17/2014,Kalami Kafenion,27.73,Hideki,Cocinaro,L6544
1/17/2014,Hallowed Grounds,18.6,Lidelse,Dedos,L4424
1/17/2014,Kalami Kafenion,20.02,Lidelse,Dedos,L4424
1/17/2014,Brew've Been Served,15.46,Inga,Ferro,L5259
1/17/2014,Gelatogalore,34.59,Inga,Ferro,L5259
1/17/2014,Guy's Gyros,8.31,Inga,Ferro,L5259
1/17/2014,Brew've Been Served,12.56,Sven,Flecha,L3800
1/17/2014,Shoppers' Delight,155.01,Sven,Flecha,L3800
1/17/2014,Hallowed Grounds,15.98,Birgitta,Frente,L5553
1/17/2014,Hippokampos,28.35,Birgitta,Frente,L5553
1/17/2014,Abila Zacharo,21.21,Vira,Frente,L3366
1/17/2014,Bean There Done That,5.77,Vira,Frente,L3366
1/17/2014,Coffee Cameleon,9.16,Stenig,Fusil,L8148
1/17/2014,Guy's Gyros,19.68,Stenig,Fusil,L8148
1/17/2014,Hippokampos,15.77,Stenig,Fusil,L8148
1/17/2014,Brew've Been Served,11.04,Kanon,Herrero,L3572
1/17/2014,Shoppers' Delight,269.33,Kanon,Herrero,L3572
1/17/2014,Brew've Been Served,13.66,Varja,Lagos,L2490
1/17/2014,Guy's Gyros,22.18,Varja,Lagos,L2490
1/17/2014,Guy's Gyros,37.55,Varja,Lagos,L2490
1/17/2014,Guy's Gyros,15.4,Minke,Mies,L2169
1/17/2014,Katerinas Caf,35.52,Minke,Mies,L2169
1/17/2014,Stewart and Sons Fabrication,1753.17,Cecilia,Morluniau,L9633
1/17/2014,Abila Zacharo,14.51,Adra,Nubarron,L9637
1/17/2014,Coffee Cameleon,14.57,Adra,Nubarron,L9637
1/17/2014,Katerinas Caf,38.21,Adra,Nubarron,L9637
1/17/2014,Hallowed Grounds,3.25,Marin,Onda,L8012
1/17/2014,Katerinas Caf,21.22,Marin,Onda,L8012
1/17/2014,Hippokampos,52.31,Elsa,Orilla,L3288
1/17/2014,Jack's Magical Beans,19.11,Elsa,Orilla,L3288
1/17/2014,Ouzeri Elian,10.21,Elsa,Orilla,L3288
1/17/2014,Gelatogalore,21.62,Kare,Orilla,L7814
1/17/2014,Hallowed Grounds,18.22,Kare,Orilla,L7814
1/17/2014,Katerinas Caf,22.18,Kare,Orilla,L7814
1/17/2014,Brew've Been Served,16.62,Hennie,Osvaldo,L3259
1/17/2014,Katerinas Caf,27.49,Hennie,Osvaldo,L3259
1/17/2014,Coffee Cameleon,10.27,Bertrand,Ovan,L9362
1/17/2014,Katerinas Caf,21.01,Bertrand,Ovan,L9362
1/17/2014,Brew've Been Served,5.29,Felix,Resumir,L9363
1/17/2014,Guy's Gyros,16.83,Felix,Resumir,L9363
1/17/2014,Abila Zacharo,15.95,Sten,Sanjorge Jr.,L2459
1/17/2014,Hallowed Grounds,9.72,Sten,Sanjorge Jr.,L2459
1/17/2014,Gelatogalore,15.84,Orhan,Strum,L5224
1/17/2014,Brew've Been Served,12.3,Brand,Tempestad,L7291
1/17/2014,Chostus Hotel,114.22,Brand,Tempestad,L7291
1/17/2014,Guy's Gyros,29.71,Brand,Tempestad,L7291
1/17/2014,Brew've Been Served,19.39,Edvard,Vann,L8566
1/17/2014,Guy's Gyros,35.1,Edvard,Vann,L8566
1/17/2014,Hippokampos,14.57,Edvard,Vann,L8566
1/17/2014,Abila Zacharo,39.67,Isia,Vann,L9254
1/17/2014,Brew've Been Served,10.52,Isia,Vann,L9254
1/17/2014,Hippokampos,38.19,Willem,Vasco-Pais,L6886
1/17/2014,Kalami Kafenion,25.32,Willem,Vasco-Pais,L6886
1/18/2014,Abila Zacharo,16.59,Lucas,Alcazar,L5777
1/18/2014,Kronos Mart,194.51,Lucas,Alcazar,L5777
1/18/2014,Ouzeri Elian,21.56,Lucas,Alcazar,L5777
1/18/2014,Hippokampos,72.5,Lars,Azada,L7783
1/18/2014,Frank's Fuel,52.66,Felix,Balas,L3191
1/18/2014,Kalami Kafenion,11.14,Felix,Balas,L3191
1/18/2014,Katerinas Caf,96.36,Ingrid,Barranco,L4164
1/18/2014,Ouzeri Elian,57.63,Isak,Baza,L6267
1/18/2014,Abila Zacharo,18.45,Linnea,Bergen,L1682
1/18/2014,Roberts and Sons,62.47,Linnea,Bergen,L1682
1/18/2014,Kalami Kafenion,10.48,Loreto,Bodrogi,L1485
1/18/2014,Katerinas Caf,9.72,Loreto,Bodrogi,L1485
1/18/2014,Abila Zacharo,73.25,Isande,Borrasca,L5947
1/18/2014,Roberts and Sons,239.65,Isande,Borrasca,L5947
1/18/2014,Katerinas Caf,8.14,Nils,Calixto,L6119
1/18/2014,Frydos Autosupply n' More,103.55,Axel,Calzas,L3014
1/18/2014,Hippokampos,20.11,Axel,Calzas,L3014
1/18/2014,Hippokampos,63.21,Ada,Campo-Corrente,L2070
1/18/2014,Kalami Kafenion,42.36,Ada,Campo-Corrente,L2070
1/18/2014,Kronos Mart,150.36,Ada,Campo-Corrente,L2070
1/18/2014,Kalami Kafenion,24.14,Gustav,Cazar,L4149
1/18/2014,Frydos Autosupply n' More,281.54,Lidelse,Dedos,L4424
1/18/2014,Guy's Gyros,27.4,Lidelse,Dedos,L4424
1/18/2014,Katerinas Caf,22.74,Lidelse,Dedos,L4424
1/18/2014,Katerinas Caf,37.21,Inga,Ferro,L5259
1/18/2014,Ahaggo Museum,120.2,Sven,Flecha,L3800
1/18/2014,Guy's Gyros,31.48,Sven,Flecha,L3800
1/18/2014,Guy's Gyros,47.89,Birgitta,Frente,L5553
1/18/2014,Roberts and Sons,266.69,Birgitta,Frente,L5553
1/18/2014,Albert's Fine Clothing,35.66,Vira,Frente,L3366
1/18/2014,Hippokampos,27.21,Vira,Frente,L3366
1/18/2014,Ouzeri Elian,33.57,Vira,Frente,L3366
1/18/2014,Guy's Gyros,39.68,Varja,Lagos,L2490
1/18/2014,Katerinas Caf,19.3,Varja,Lagos,L2490
1/18/2014,Kronos Mart,87.66,Varja,Lagos,L2490
1/18/2014,Katerinas Caf,33.41,Minke,Mies,L2169
1/18/2014,Katerinas Caf,33.63,Marin,Onda,L8012
1/18/2014,Ahaggo Museum,55.55,Elsa,Orilla,L3288
1/18/2014,Hippokampos,49.21,Elsa,Orilla,L3288
1/18/2014,General Grocer,177.6,Bertrand,Ovan,L9362
1/18/2014,Katerinas Caf,76.1,Bertrand,Ovan,L9362
1/18/2014,Ouzeri Elian,53.36,Bertrand,Ovan,L9362
1/18/2014,General Grocer,108.49,Felix,Resumir,L9363
1/18/2014,Kalami Kafenion,53.36,Felix,Resumir,L9363
1/18/2014,Chostus Hotel,600,Sten,Sanjorge Jr.,L2459
1/18/2014,Katerinas Caf,14.22,Sten,Sanjorge Jr.,L2459
1/18/2014,Abila Zacharo,111.93,Orhan,Strum,L5224
1/18/2014,Albert's Fine Clothing,226.49,Orhan,Strum,L5224
1/18/2014,Shoppers' Delight,258.33,Orhan,Strum,L5224
1/18/2014,Abila Zacharo,21.29,Edvard,Vann,L8566
1/18/2014,Katerinas Caf,19.31,Isia,Vann,L9254
1/18/2014,Frydos Autosupply n' More,120.67,Willem,Vasco-Pais,L6886
1/18/2014,Hippokampos,53.21,Willem,Vasco-Pais,L6886
1/18/2014,Kalami Kafenion,38.91,Willem,Vasco-Pais,L6886
1/19/2014,Hippokampos,78.96,Lars,Azada,L7783
1/19/2014,Hippokampos,101.25,Felix,Balas,L3191
1/19/2014,Desafio Golf Course,145.72,Ingrid,Barranco,L4164
1/19/2014,Ouzeri Elian,67.98,Isak,Baza,L6267
1/19/2014,Guy's Gyros,20.94,Loreto,Bodrogi,L1485
1/19/2014,Albert's Fine Clothing,254.29,Isande,Borrasca,L5947
1/19/2014,Katerinas Caf,34.03,Nils,Calixto,L6119
1/19/2014,Hippokampos,11.56,Axel,Calzas,L3014
1/19/2014,Desafio Golf Course,190.91,Ada,Campo-Corrente,L2070
1/19/2014,Hippokampos,48.23,Ada,Campo-Corrente,L2070
1/19/2014,Guy's Gyros,36.87,Hideki,Cocinaro,L6544
1/19/2014,Katerinas Caf,33.79,Lidelse,Dedos,L4424
1/19/2014,Guy's Gyros,65.21,Sven,Flecha,L3800
1/19/2014,Ouzeri Elian,45.32,Sven,Flecha,L3800
1/19/2014,Katerinas Caf,38.9,Birgitta,Frente,L5553
1/19/2014,Gelatogalore,22.36,Vira,Frente,L3366
1/19/2014,General Grocer,70.22,Vira,Frente,L3366
1/19/2014,Hippokampos,46.32,Vira,Frente,L3366
1/19/2014,Guy's Gyros,40.36,Stenig,Fusil,L8148
1/19/2014,Frydos Autosupply n' More,56.09,Varja,Lagos,L2490
1/19/2014,Guy's Gyros,58.35,Varja,Lagos,L2490
1/19/2014,Ouzeri Elian,23.65,Varja,Lagos,L2490
1/19/2014,Guy's Gyros,31.94,Minke,Mies,L2169
1/19/2014,Katerinas Caf,26.76,Minke,Mies,L2169
1/19/2014,Albert's Fine Clothing,274.66,Adra,Nubarron,L9637
1/19/2014,Shoppers' Delight,30.39,Adra,Nubarron,L9637
1/19/2014,Ahaggo Museum,26.91,Elsa,Orilla,L3288
1/19/2014,Guy's Gyros,23.21,Elsa,Orilla,L3288
1/19/2014,Frydos Autosupply n' More,98.04,Hennie,Osvaldo,L3259
1/19/2014,Katerinas Caf,12.25,Bertrand,Ovan,L9362
1/19/2014,Abila Zacharo,47.8,Felix,Resumir,L9363
1/19/2014,Guy's Gyros,39.6,Felix,Resumir,L9363
1/19/2014,Desafio Golf Course,148.22,Sten,Sanjorge Jr.,L2459
1/19/2014,Guy's Gyros,25.79,Sten,Sanjorge Jr.,L2459
1/19/2014,Desafio Golf Course,150.07,Orhan,Strum,L5224
1/19/2014,Hippokampos,45.32,Orhan,Strum,L5224
1/19/2014,Guy's Gyros,37.48,Brand,Tempestad,L7291
1/19/2014,Frydos Autosupply n' More,209.76,Edvard,Vann,L8566
1/19/2014,Katerinas Caf,70.22,Edvard,Vann,L8566
1/19/2014,Guy's Gyros,18.08,Isia,Vann,L9254
1/19/2014,Katerinas Caf,35.01,Isia,Vann,L9254
1/19/2014,Desafio Golf Course,110.02,Willem,Vasco-Pais,L6886
1/19/2014,Hippokampos,63.17,Willem,Vasco-Pais,L6886
